,First,Quality_1,Second,Quality_2,Longitude,Latitude,Longitude_difference,Latitude_difference,Latitdue_zlevel,Month
0,2023-06-08 10:53:48,9.0,2023-06-08 20:18:48,9.0,125.69,26.006,-0.5240000000000009,0.9009999999999998,0.5859975125195444,6.0
1,2023-06-08 20:18:48,9.0,2023-06-09 10:49:48,9.0,126.214,25.105,-0.1490000000000009,-0.2010000000000005,0.5205763170177451,6.0
2,2023-06-09 10:49:48,9.0,2023-06-09 20:17:48,9.0,126.363,25.306,-0.025000000000005684,0.08300000000000196,0.5351708345492231,6.0
3,2023-06-09 20:17:48,9.0,2023-06-10 10:49:48,9.0,126.388,25.223,1.3500000000000085,2.308,0.529144242732742,6.0
4,2023-06-10 10:49:48,9.0,2023-06-10 20:28:48,9.0,125.038,22.915,-1.2750000000000057,2.283999999999999,0.36156142451059675,6.0
5,2023-06-10 20:28:48,9.0,2023-06-11 10:39:48,9.0,126.313,20.631,-1.8999999999999915,-3.2749999999999986,0.19572123524743398,6.0
6,2023-06-11 10:39:48,9.0,2023-06-11 20:13:48,9.0,128.213,23.906,1.0989999999999895,-1.7729999999999997,0.43351747860858025,6.0
7,2023-06-11 20:13:48,9.0,2023-06-12 10:48:48,9.0,127.114,25.679,0.5990000000000038,1.0079999999999991,0.5622541929534084,6.0
8,2023-06-12 10:48:48,9.0,2023-06-12 20:18:48,9.0,126.515,24.671,0.09900000000000375,-0.13100000000000023,0.48906377667614576,6.0
9,2023-06-12 20:18:48,9.0,2023-06-13 10:49:48,9.0,126.416,24.802,0.5990000000000038,1.0210000000000008,0.4985756264105916,6.0
10,2023-06-13 10:49:48,9.0,2023-06-13 20:23:48,9.0,125.817,23.781,0.47399999999998954,-0.7590000000000003,0.42444128611388,6.0
11,2023-06-13 20:23:48,9.0,2023-06-14 10:53:48,9.0,125.343,24.54,-0.6509999999999962,-1.0310000000000024,0.4795519269416999,6.0
12,2023-06-14 10:53:48,9.0,2023-06-14 20:18:48,9.0,125.994,25.571,0.09799999999999898,-0.13299999999999912,0.5544123626379877,6.0
13,2023-06-14 20:18:48,9.0,2023-06-15 10:54:48,9.0,125.896,25.704,-1.2759999999999962,-1.9619999999999997,0.5640694314523487,6.0
14,2023-06-15 10:54:48,9.0,2023-06-15 20:08:48,9.0,127.172,27.666,-0.652000000000001,1.022000000000002,0.7065293488491636,6.0
15,2023-06-15 20:08:48,9.0,2023-06-16 10:49:48,9.0,127.824,26.644,1.222999999999999,1.9669999999999987,0.6323223990124943,6.0
16,2023-06-16 10:49:48,9.0,2023-06-16 20:18:48,9.0,126.601,24.677,-0.902000000000001,1.5109999999999992,0.4894994339158914,6.0
17,2023-06-16 20:18:48,9.0,2023-06-17 10:42:48,9.0,127.503,23.166,0.597999999999999,1.033999999999999,0.3797864190399549,6.0
18,2023-06-17 10:42:48,9.0,2023-06-17 20:23:48,9.0,126.905,22.132,0.09799999999999898,-0.1559999999999988,0.3047081547237946,6.0
19,2023-06-17 20:23:48,9.0,2023-06-18 10:43:48,9.0,126.807,22.288,-0.777000000000001,-1.3039999999999985,0.3160352429571804,6.0
20,2023-06-18 10:43:48,9.0,2023-06-18 20:17:48,9.0,127.584,23.592,0.09799999999999898,-0.15300000000000225,0.4107180830618932,6.0
21,2023-06-18 20:17:48,9.0,2023-06-19 10:44:48,9.0,127.486,23.745,0.2220000000000084,0.37900000000000134,0.4218273426754065,6.0
22,2023-06-19 10:44:48,9.0,2023-06-19 20:19:48,9.0,127.264,23.366,-0.277000000000001,0.4720000000000013,0.3943083270314752,6.0
23,2023-06-19 20:19:48,9.0,2023-06-20 10:42:48,9.0,127.541,22.894,-0.7770000000000152,-1.2900000000000027,0.360036624171487,6.0
24,2023-06-20 10:42:48,9.0,2023-06-20 20:13:48,9.0,128.318,24.184,2.473000000000013,-3.8709999999999987,0.45370293071679374,6.0
25,2023-06-20 20:13:48,9.0,2023-06-21 11:02:48,9.0,125.845,28.055,0.3469999999999942,0.5240000000000009,0.7347744598926708,6.0
26,2023-06-21 11:02:48,9.0,2023-06-21 20:16:48,9.0,125.498,27.531,22.345,-21.985,0.6967270609548872,6.0
27,2023-06-21 20:16:48,9.0,2023-06-22 14:01:48,9.0,103.153,49.516,-0.777000000000001,-0.4549999999999983,2.2930477969227656,6.0
28,2023-06-22 14:01:48,9.0,2023-06-22 20:10:48,9.0,103.93,49.971,-25.399,26.031999999999996,2.3260851376034744,6.0
29,2023-06-22 20:10:48,9.0,2023-06-23 10:38:48,9.0,129.329,23.939,0.3480000000000132,0.5730000000000004,0.43591359342718117,6.0
30,2023-06-23 10:38:48,9.0,2023-06-23 20:13:48,9.0,128.981,23.366,1.597999999999999,-2.603999999999999,0.3943083270314752,6.0
31,2023-06-23 20:13:48,9.0,2023-06-24 10:51:48,9.0,127.383,25.97,2.097999999999999,3.4319999999999986,0.5833835690810706,6.0
32,2023-06-24 10:51:48,9.0,2023-06-24 20:30:48,9.0,125.285,22.538,-1.0260000000000105,1.774000000000001,0.3341876279465809,6.0
33,2023-06-24 20:30:48,9.0,2023-06-25 10:43:48,9.0,126.311,20.764,0.2230000000000132,0.384999999999998,0.205378304061795,6.0
34,2023-06-25 10:43:48,9.0,2023-06-25 20:32:48,9.0,126.088,20.379,0.722999999999999,-1.2899999999999991,0.17742363117811838,6.0
35,2023-06-25 20:32:48,9.0,2023-06-26 10:49:48,9.0,125.365,21.669,0.22399999999998954,0.3760000000000012,0.2710899377234248,6.0
36,2023-06-26 10:49:48,9.0,2023-06-26 20:34:48,9.0,125.141,21.293,57.21600000000001,-38.357,0.2437887506993664,6.0
37,2023-06-26 20:34:48,9.0,2023-06-27 18:27:48,9.0,67.925,59.65,-0.4270000000000067,-0.09900000000000375,3.0288728748531035,6.0
38,2023-06-27 18:27:48,9.0,2023-06-28 20:31:48,9.0,68.352,59.749,-57.16799999999999,37.525000000000006,3.0360612193089063,6.0
39,2023-06-28 20:31:48,9.0,2023-06-29 10:50:48,9.0,125.52,22.224,1.4749999999999943,2.597999999999999,0.3113882323998939,6.0
40,2023-06-29 10:50:48,9.0,2023-06-29 20:43:48,9.0,124.045,19.626,0.8500000000000085,-1.5559999999999974,0.12274864759004413,6.0
41,2023-06-29 20:43:48,9.0,2023-06-30 10:57:48,9.0,123.195,21.182,-1.7750000000000057,-3.0770000000000017,0.23572909176407256,6.0
42,2023-06-30 10:57:48,9.0,2023-06-30 20:29:48,9.0,124.97,24.259,0.2259999999999991,-0.4059999999999988,0.45914864621361384,6.0
43,2023-06-30 20:29:48,9.0,2023-07-01 10:59:48,9.0,124.744,24.665,-1.649000000000001,-2.6679999999999993,0.4886281194364001,6.0
44,2023-07-01 10:59:48,9.0,2023-07-01 20:16:48,9.0,126.393,27.333,-1.649000000000001,2.5969999999999978,0.6823503720432821,7.0
45,2023-07-01 20:16:48,9.0,2023-07-02 10:46:48,9.0,128.042,24.736,2.100999999999999,3.5749999999999993,0.49378339677338995,7.0
46,2023-07-02 10:46:48,9.0,2023-07-02 20:33:48,9.0,125.941,21.161,1.350999999999999,-2.3969999999999985,0.2342042914249631,7.0
47,2023-07-02 20:33:48,9.0,2023-07-03 10:57:48,9.0,124.59,23.558,-1.3979999999999961,-2.3590000000000018,0.40824935870333484,7.0
48,2023-07-03 10:57:48,9.0,2023-07-03 20:22:48,9.0,125.988,25.917,-0.7720000000000056,1.2230000000000025,0.579535263463318,7.0
49,2023-07-03 20:22:48,9.0,2023-07-04 10:51:48,9.0,126.76,24.694,3.602000000000004,6.384,0.4907337960951706,7.0
50,2023-07-04 10:51:48,9.0,2023-07-04 20:51:48,9.0,123.158,18.31,1.6029999999999944,-3.011000000000003,0.027194493005839798,7.0
51,2023-07-04 20:51:48,9.0,2023-07-05 11:04:48,9.0,121.555,21.321,-4.896999999999991,-8.082999999999998,0.2458218178181794,7.0
52,2023-07-05 11:04:48,9.0,2023-07-05 20:12:48,9.0,126.452,29.404,-0.5210000000000008,0.7280000000000015,0.8327247292954757,7.0
53,2023-07-05 20:12:48,9.0,2023-07-06 11:00:48,9.0,126.973,28.676,4.977999999999994,8.318999999999999,0.7798649842063414,7.0
54,2023-07-06 11:00:48,9.0,2023-07-06 20:52:48,9.0,121.995,20.357,-1.019999999999996,1.8759999999999977,0.175826221299051,7.0
55,2023-07-06 20:52:48,9.0,2023-07-07 10:52:48,9.0,123.015,18.481,-0.14499999999999602,-0.3249999999999993,0.03961072433858994,7.0
56,2023-07-07 10:52:48,9.0,2023-07-07 20:51:48,9.0,123.16,18.806,-0.5200000000000102,0.9559999999999995,0.06320882482481052,7.0
57,2023-07-07 20:51:48,9.0,2023-07-08 10:48:48,9.0,123.68,17.85,-2.1439999999999912,-4.084,-0.006205895374656897,7.0
58,2023-07-08 10:48:48,9.0,2023-07-08 20:34:48,9.0,125.824,21.934,0.7309999999999945,-1.3639999999999972,0.2903314658121894,7.0
59,2023-07-08 20:34:48,9.0,2023-07-09 10:54:48,9.0,125.093,23.298,0.23100000000000875,0.347999999999999,0.38937087831435824,7.0
60,2023-07-09 10:54:48,9.0,2023-07-09 20:36:48,9.0,124.862,22.95,0.23199999999999932,-0.4740000000000002,0.3641027584091128,7.0
61,2023-07-09 20:36:48,9.0,2023-07-10 10:56:48,9.0,124.63,23.424,-0.8930000000000007,-1.6170000000000009,0.39851968034901614,7.0
62,2023-07-10 10:56:48,9.0,2023-07-10 20:29:48,9.0,125.523,25.041,-0.5170000000000101,0.8249999999999993,0.5159293064604585,7.0
63,2023-07-10 20:29:48,9.0,2023-07-11 10:52:48,9.0,126.04,24.216,-0.1419999999999959,-0.31700000000000017,0.456026435995437,7.0
64,2023-07-11 10:52:48,9.0,2023-07-11 20:28:48,9.0,126.182,24.533,0.6090000000000089,-1.1199999999999974,0.47904366016199684,7.0
65,2023-07-11 20:28:48,9.0,2023-07-12 10:57:48,9.0,125.573,25.653,0.35899999999999466,0.5389999999999979,0.5603663449145108,7.0
66,2023-07-12 10:57:48,9.0,2023-07-12 20:31:48,9.0,125.214,25.114,-2.2660000000000053,4.029,0.5212298028773635,7.0
67,2023-07-12 20:31:48,9.0,2023-07-13 10:39:48,9.0,127.48,21.085,0.9849999999999994,1.833000000000002,0.2286859663881853,7.0
68,2023-07-13 10:39:48,9.0,2023-07-13 20:39:48,9.0,126.495,19.252,1.1110000000000042,-2.216000000000001,0.09559267964590083,7.0
69,2023-07-13 20:39:48,9.0,2023-07-14 10:48:48,9.0,125.384,21.468,-0.1389999999999958,-0.33800000000000097,0.2564954201919468,7.0
70,2023-07-14 10:48:48,9.0,2023-07-14 20:38:48,9.0,125.523,21.806,0.23699999999999477,-0.5229999999999997,0.2810374446976163,7.0
71,2023-07-14 20:38:48,9.0,2023-07-15 10:50:48,9.0,125.286,22.329,-1.5130000000000052,-2.8339999999999996,0.3190122340954421,7.0
72,2023-07-15 10:50:48,9.0,2023-07-15 20:26:48,9.0,126.799,25.163,0.9879999999999995,-1.7989999999999995,0.524787670335286,7.0
73,2023-07-15 20:26:48,9.0,2023-07-16 10:58:48,9.0,125.811,26.962,-0.6369999999999862,-1.1600000000000001,0.6554122327190118,7.0
74,2023-07-16 10:58:48,9.0,2023-07-16 20:21:48,9.0,126.448,28.122,-0.7610000000000099,1.184000000000001,0.7396392990698301,7.0
75,2023-07-16 20:21:48,9.0,2023-07-17 10:52:48,9.0,127.209,26.938,1.3640000000000043,2.3099999999999987,0.6536696037600292,7.0
76,2023-07-17 10:52:48,9.0,2023-07-17 20:32:48,9.0,125.845,24.628,-0.2600000000000051,0.3810000000000002,0.48594156645796893,7.0
77,2023-07-17 20:32:48,9.0,2023-07-18 10:50:48,9.0,126.105,24.247,-0.3849999999999909,-0.7989999999999995,0.45827733173412255,7.0
78,2023-07-18 10:50:48,9.0,2023-07-18 20:29:48,9.0,126.49,25.046,1.3659999999999997,-2.5120000000000005,0.5162923541602464,7.0
79,2023-07-18 20:29:48,9.0,2023-07-19 11:01:48,9.0,125.124,27.558,0.9909999999999997,1.6329999999999991,0.6986875185337426,7.0
80,2023-07-19 11:01:48,9.0,2023-07-19 20:37:48,9.0,124.133,25.925,-1.0080000000000098,1.7469999999999999,0.5801161397829787,7.0
81,2023-07-19 20:37:48,9.0,2023-07-20 10:53:48,9.0,125.141,24.178,-1.5069999999999908,-2.847999999999999,0.4532672734770481,7.0
82,2023-07-20 10:53:48,9.0,2023-07-20 20:25:48,9.0,126.648,27.026,-0.257000000000005,0.34499999999999886,0.6600592432762984,7.0
83,2023-07-20 20:25:48,9.0,2023-07-21 10:51:48,9.0,126.905,26.681,2.8689999999999998,5.355,0.6350089519909258,7.0
84,2023-07-21 10:51:48,9.0,2023-07-21 20:48:48,9.0,124.036,21.326,-0.12999999999999545,0.16499999999999915,0.24618486551796737,7.0
85,2023-07-21 20:48:48,9.0,2023-07-22 10:50:48,9.0,124.166,21.161,-2.5050000000000097,-4.9659999999999975,0.2342042914249631,7.0
86,2023-07-22 10:50:48,9.0,2023-07-22 20:28:48,9.0,126.671,26.127,-1.5049999999999812,2.7489999999999988,0.5947832668544142,7.0
87,2023-07-22 20:28:48,9.0,2023-07-23 10:38:48,9.0,128.176,23.378,1.3719999999999857,2.6759999999999984,0.3951796415109665,7.0
88,2023-07-23 10:38:48,9.0,2023-07-23 20:39:48,9.0,126.804,20.702,0.3709999999999951,-0.8819999999999979,0.20087651258442385,7.0
89,2023-07-23 20:39:48,9.0,2023-07-24 10:41:48,9.0,126.433,21.584,0.24800000000000466,0.4059999999999988,0.2649181268270286,7.0
90,2023-07-24 10:41:48,9.0,2023-07-24 20:41:48,9.0,126.185,21.178,1.8730000000000047,-3.8949999999999996,0.2354386536042423,7.0
91,2023-07-24 20:41:48,9.0,2023-07-25 10:56:48,9.0,124.312,25.073,-0.0010000000000047748,-0.1280000000000001,0.5182528117391018,7.0
92,2023-07-25 10:56:48,9.0,2023-07-25 20:41:48,9.0,124.313,25.201,-1.2509999999999906,2.3790000000000013,0.5275468328536749,7.0
93,2023-07-25 20:41:48,9.0,2023-07-26 10:46:48,9.0,125.564,22.822,-0.75,-1.6460000000000008,0.35480873729453977,7.0
94,2023-07-26 10:46:48,9.0,2023-07-26 20:35:48,9.0,126.314,24.468,1.0009999999999906,-2.0889999999999986,0.4743240400647526,7.0
95,2023-07-26 20:35:48,9.0,2023-07-27 10:54:48,9.0,125.313,26.557,-0.9989999999999952,-2.0060000000000002,0.626005369036183,7.0
96,2023-07-27 10:54:48,9.0,2023-07-27 20:27:48,9.0,126.312,28.563,-1.9990000000000094,3.698999999999998,0.7716601061911325,7.0
97,2023-07-27 20:27:48,9.0,2023-07-28 10:38:48,9.0,128.311,24.864,1.7530000000000001,3.553000000000001,0.503077417887963,7.0
98,2023-07-28 10:38:48,9.0,2023-07-28 20:41:48,9.0,126.558,21.311,1.6280000000000001,-3.5790000000000006,0.24509572241860328,7.0
99,2023-07-28 20:41:48,9.0,2023-07-29 10:51:48,9.0,124.93,24.89,0.1290000000000049,0.12300000000000111,0.5049652659268606,7.0
100,2023-07-29 10:51:48,9.0,2023-07-29 20:42:48,9.0,124.801,24.767,0.0040000000000048885,-0.15200000000000102,0.49603429251207554,7.0
101,2023-07-29 20:42:48,9.0,2023-07-30 10:51:48,9.0,124.797,24.919,0.6299999999999955,1.1799999999999997,0.5070709425856311,7.0
102,2023-07-30 10:51:48,9.0,2023-07-30 20:47:48,9.0,124.167,23.739,-0.6189999999999998,1.2029999999999994,0.42139168543566086,7.0
103,2023-07-30 20:47:48,9.0,2023-07-31 10:46:48,9.0,124.786,22.536,-0.24399999999999977,-0.6769999999999996,0.33404240886666575,7.0
104,2023-07-31 10:46:48,9.0,2023-07-31 20:45:48,9.0,125.03,23.213,0.257000000000005,-0.7079999999999984,0.3831990674179622,7.0
105,2023-07-31 20:45:48,9.0,2023-08-01 10:48:48,9.0,124.773,23.921,-0.3680000000000092,-0.9430000000000014,0.4346066217079443,7.0
106,2023-08-01 10:48:48,9.0,2023-08-01 20:42:48,9.0,125.141,24.864,0.13300000000000978,-0.44099999999999895,0.503077417887963,8.0
107,2023-08-01 20:42:48,9.0,2023-08-02 10:49:48,9.0,125.008,25.305,-0.7409999999999997,-1.716000000000001,0.5350982250092654,8.0
108,2023-08-02 10:49:48,9.0,2023-08-02 20:36:48,9.0,125.749,27.021,-1.2409999999999997,2.4800000000000004,0.6596961955765104,8.0
109,2023-08-02 20:36:48,9.0,2023-08-03 10:39:48,9.0,126.99,24.541,1.3859999999999957,3.0070000000000014,0.4796245364816576,8.0
110,2023-08-03 10:39:48,9.0,2023-08-03 20:47:48,9.0,125.604,21.534,-1.1149999999999949,2.571999999999999,0.2612876498291484,8.0
111,2023-08-03 20:47:48,9.0,2023-08-04 10:30:48,9.0,126.719,18.962,-0.8640000000000043,-2.2749999999999986,0.07453591305819633,8.0
112,2023-08-04 10:30:48,9.0,2023-08-04 20:40:48,9.0,127.583,21.237,1.2620000000000005,-3.1260000000000012,0.23972261646174062,8.0
113,2023-08-04 20:40:48,9.0,2023-08-05 10:40:48,9.0,126.321,24.363,0.262999999999991,0.43400000000000105,0.4667000383692044,8.0
114,2023-08-05 10:40:48,9.0,2023-08-05 20:42:48,9.0,126.058,23.929,-0.36199999999999477,0.6789999999999985,0.43518749802760504,8.0
115,2023-08-05 20:42:48,9.0,2023-08-06 10:37:48,9.0,126.42,23.25,-0.4860000000000042,-1.314,0.38588562039639346,8.0
116,2023-08-06 10:37:48,9.0,2023-08-06 20:38:48,9.0,126.906,24.564,0.63900000000001,-1.6449999999999996,0.4812945559006824,8.0
117,2023-08-06 20:38:48,9.0,2023-08-07 10:42:48,9.0,126.267,26.209,0.39000000000000057,0.7040000000000006,0.6007372491309375,8.0
118,2023-08-07 10:42:48,9.0,2023-08-07 20:41:48,9.0,125.877,25.505,-0.48400000000000887,0.9510000000000005,0.5496201330007857,8.0
119,2023-08-07 20:41:48,9.0,2023-08-08 10:38:48,9.0,126.361,24.554,1.7660000000000053,4.244,0.48056846050110624,8.0
120,2023-08-08 10:38:48,9.0,2023-08-08 20:55:48,9.0,124.595,20.31,-2.733000000000004,7.583999999999998,0.17241357292104367,8.0
121,2023-08-08 20:55:48,9.0,2023-08-09 10:16:48,9.0,127.328,12.726,-0.3580000000000041,-1.2039999999999988,-0.3782571781174093,8.0
122,2023-08-09 10:16:48,9.0,2023-08-09 20:52:48,9.0,127.686,13.93,2.7690000000000055,-7.931999999999999,-0.2908352920084566,8.0
123,2023-08-09 20:52:48,9.0,2023-08-10 10:38:48,9.0,124.917,21.862,-0.8569999999999993,-2.3810000000000002,0.28510357893524185,8.0
124,2023-08-10 10:38:48,9.0,2023-08-10 20:45:48,9.0,125.774,24.243,-0.480000000000004,1.029,0.45798689357429206,8.0
125,2023-08-10 20:45:48,9.0,2023-08-11 10:34:48,9.0,126.254,23.214,0.7690000000000055,1.8490000000000002,0.3832716769579197,8.0
126,2023-08-11 10:34:48,9.0,2023-08-11 20:51:48,9.0,125.485,21.365,-0.6039999999999992,1.4909999999999997,0.24901663757631368,8.0
127,2023-08-11 20:51:48,9.0,2023-08-12 10:29:48,9.0,126.089,19.874,0.3960000000000008,0.9549999999999983,0.14075581349952923,8.0
128,2023-08-12 10:29:48,9.0,2023-08-12 20:54:48,9.0,125.693,18.919,0.5219999999999914,-1.6829999999999998,0.07141370284001951,8.0
129,2023-08-12 20:54:48,9.0,2023-08-13 10:33:48,9.0,125.171,20.602,-0.35299999999999443,-1.189,0.19361555858866356,8.0
130,2023-08-13 10:33:48,9.0,2023-08-13 20:51:48,9.0,125.524,21.791,-0.8529999999999944,2.2570000000000014,0.27994830159825224,8.0
131,2023-08-13 20:51:48,9.0,2023-08-14 10:26:48,9.0,126.377,19.534,0.02400000000000091,-0.12100000000000222,0.11606856991394458,8.0
132,2023-08-14 10:26:48,9.0,2023-08-14 20:51:48,9.0,126.353,19.655,0.2740000000000009,-1.0109999999999992,0.12485432424881457,8.0
133,2023-08-14 20:51:48,9.0,2023-08-15 10:28:48,9.0,126.079,20.666,0.6489999999999867,1.7630000000000017,0.19826256914595008,8.0
134,2023-08-15 10:28:48,9.0,2023-08-15 20:56:48,9.0,125.43,18.903,-0.3499999999999943,0.9049999999999976,0.07025195020069774,8.0
135,2023-08-15 20:56:48,9.0,2023-08-16 10:25:48,9.0,125.78,17.998,-0.3499999999999943,-1.2970000000000006,0.004540316539068167,8.0
136,2023-08-16 10:25:48,9.0,2023-08-16 20:53:48,9.0,126.13,19.295,0.027000000000001023,-0.2859999999999978,0.09871488986407792,8.0
137,2023-08-16 20:53:48,9.0,2023-08-17 10:25:48,9.0,126.103,19.581,0.6509999999999962,1.8979999999999997,0.11948121829195191,8.0
138,2023-08-17 10:25:48,9.0,2023-08-17 20:58:48,9.0,125.452,17.683,-0.472999999999999,1.399000000000001,-0.018331688547576535,8.0
139,2023-08-17 20:58:48,9.0,2023-08-18 10:21:48,9.0,125.925,16.284,-0.3470000000000084,-1.375,-0.1199124349482617,8.0
140,2023-08-18 10:21:48,9.0,2023-08-18 20:55:48,9.0,126.272,17.659,16.781000000000006,-34.04,-0.02007431750655905,8.0
141,2023-08-18 20:55:48,9.0,2023-08-19 12:35:48,9.0,109.491,51.699,-2.471999999999994,-2.7650000000000006,2.451554422650211,8.0
142,2023-08-19 12:35:48,9.0,2023-08-19 20:35:48,9.0,111.963,54.464,27.033999999999992,-13.632999999999996,2.6523198006329802,8.0
143,2023-08-19 20:35:48,9.0,2023-08-20 16:11:48,9.0,84.929,68.097,-0.22100000000000364,-0.24200000000000443,3.642205658874967,8.0
144,2023-08-20 16:11:48,9.0,2023-08-20 20:33:48,9.0,85.15,68.339,-40.78999999999999,51.32599999999999,3.659777167544707,8.0
145,2023-08-21 20:58:48,9.0,2023-08-22 10:19:48,9.0,125.94,17.013,-0.4680000000000035,-1.9499999999999993,-0.0669800803191697,8.0
146,2023-08-22 10:19:48,9.0,2023-08-22 20:54:48,9.0,126.408,18.963,0.031999999999996476,-0.3569999999999993,0.07460852259815402,8.0
147,2023-08-22 20:54:48,9.0,2023-08-23 10:19:48,9.0,126.376,19.32,-0.5929999999999893,-2.3790000000000013,0.10053012836301786,8.0
148,2023-08-23 10:19:48,9.0,2023-08-23 20:49:48,9.0,126.969,21.699,-0.09200000000001296,0.05800000000000338,0.27326822392215294,8.0
149,2023-08-23 20:49:48,9.0,2023-08-24 10:18:48,9.0,127.061,21.641,1.534000000000006,5.588999999999999,0.2690568706046118,8.0
150,2023-08-24 10:18:48,9.0,2023-08-24 21:01:48,9.0,125.527,16.052,2.659000000000006,-10.044,-0.13675784821842532,8.0
151,2023-08-24 21:01:48,9.0,2023-08-25 10:39:48,9.0,122.868,26.096,0.4099999999999966,1.0719999999999992,0.5925323711157285,8.0
152,2023-08-25 10:39:48,9.0,2023-08-25 21:04:48,9.0,122.458,25.024,-0.3410000000000082,0.8840000000000003,0.5146949442811793,8.0
153,2023-08-25 21:04:48,9.0,2023-08-26 10:36:48,9.0,122.799,24.14,0.41100000000000136,1.1879999999999988,0.4505081109586592,8.0
154,2023-08-26 10:36:48,9.0,2023-08-26 21:07:48,9.0,122.388,22.952,0.4100000000000108,-1.815999999999999,0.3642479774890282,8.0
155,2023-08-26 21:07:48,9.0,2023-08-27 10:39:48,9.0,121.978,24.768,0.6610000000000014,2.150000000000002,0.4961069020520332,8.0
156,2023-08-27 10:39:48,9.0,2023-08-27 21:12:48,9.0,121.317,22.618,-0.46400000000001285,1.5269999999999975,0.3399963911431889,8.0
157,2023-08-27 21:12:48,9.0,2023-08-28 10:35:48,9.0,121.781,21.091,1.1620000000000061,4.7059999999999995,0.22912162362793095,8.0
158,2023-08-28 10:35:48,9.0,2023-08-28 21:21:48,9.0,120.619,16.385,0.16200000000000614,-1.0059999999999967,-0.11257887141254372,8.0
159,2023-08-28 21:21:48,9.0,2023-08-29 10:36:48,9.0,120.457,17.391,0.7879999999999967,3.4609999999999985,-0.039533674215196414,8.0
160,2023-08-29 10:36:48,9.0,2023-08-29 21:27:48,9.0,119.669,13.93,-0.7120000000000033,3.4320000000000004,-0.2908352920084566,8.0
161,2023-08-29 21:27:48,9.0,2023-08-30 10:30:48,9.0,120.381,10.498,0.0379999999999967,0.0039999999999995595,-0.5400312331429464,8.0
162,2023-08-30 10:30:48,9.0,2023-08-30 21:27:48,9.0,120.343,10.494,-0.4620000000000033,2.3949999999999996,-0.5403216713027769,8.0
163,2023-08-30 21:27:48,9.0,2023-08-31 10:26:48,9.0,120.805,8.099,0.4140000000000015,2.2990000000000004,-0.7142215195012335,8.0
164,2023-08-31 10:26:48,9.0,2023-08-31 21:30:48,9.0,120.391,5.8,4.540000000000006,-22.589,-0.8811508518637603,8.0
165,2023-08-31 21:30:48,9.0,2023-09-01 11:02:48,9.0,115.851,28.389,0.664999999999992,2.2509999999999977,0.7590260462385098,8.0
166,2023-09-01 11:02:48,9.0,2023-09-01 21:35:48,9.0,115.186,26.138,-4.711999999999989,25.529000000000003,0.595581971793948,9.0
167,2023-09-01 21:35:48,9.0,2023-09-02 10:24:48,9.0,119.898,0.609,0.28999999999999204,2.072,-1.258066973783672,9.0
168,2023-09-02 10:24:48,9.0,2023-09-02 21:37:48,9.0,119.608,-1.463,0.291000000000011,-2.1430000000000002,-1.4085139405758231,9.0
169,2023-09-02 21:37:48,9.0,2023-09-03 10:26:48,9.0,119.317,0.68,-0.08500000000000796,-0.666,-1.2529116964466822,9.0
170,2023-09-03 10:26:48,9.0,2023-09-03 21:36:48,9.0,119.402,1.346,-0.8340000000000032,6.603,-1.2045537428349193,9.0
171,2023-09-03 21:36:48,9.0,2023-09-04 10:19:48,9.0,120.236,-5.257,0.541000000000011,4.918000000000001,-1.683994535174965,9.0
172,2023-09-04 10:19:48,9.0,2023-09-04 21:40:48,9.0,119.695,-10.175,0.4169999999999874,-3.540000000000001,-2.041088252686451,9.0
173,2023-09-04 21:40:48,9.0,2023-09-05 10:22:48,9.0,119.278,-6.635,-0.708999999999989,-6.116,-1.7840504812365405,9.0
174,2023-09-05 10:22:48,9.0,2023-09-05 21:34:48,9.0,119.987,-0.519,0.2920000000000016,-2.503,-1.3399705348558468,9.0
175,2023-09-05 21:34:48,9.0,2023-09-06 10:24:48,9.0,119.695,1.984,-0.08300000000001262,-0.7850000000000001,-1.1582288563419694,9.0
176,2023-09-06 10:24:48,9.0,2023-09-06 21:33:48,9.0,119.778,2.769,0.29300000000000637,-2.5940000000000003,-1.1012303674752517,9.0
177,2023-09-06 21:33:48,9.0,2023-09-07 10:26:48,9.0,119.485,5.363,-1.3329999999999984,-10.396,-0.9128812208252324,9.0
178,2023-09-07 10:26:48,9.0,2023-09-07 21:22:48,9.0,120.818,15.759,-0.20700000000000784,1.0790000000000006,-0.15803244342600262,9.0
179,2023-09-07 21:22:48,9.0,2023-09-08 10:24:48,9.0,121.025,14.68,0.04200000000000159,-0.06900000000000084,-0.23637813704025515,9.0
180,2023-09-08 10:24:48,9.0,2023-09-08 21:22:48,9.0,120.983,14.749,-0.9569999999999936,7.500000000000001,-0.23136807878318055,9.0
181,2023-09-08 21:22:48,9.0,2023-09-09 10:16:48,9.0,121.94,7.249,1.043999999999997,10.559999999999999,-0.7759396284651952,9.0
182,2023-09-09 10:16:48,9.0,2023-09-09 21:30:48,9.0,120.896,-3.311,0.16800000000000637,-1.88,-1.5426963704174714,9.0
183,2023-09-09 21:30:48,9.0,2023-09-10 10:17:48,9.0,120.728,-1.431,-0.08100000000000307,-0.936,-1.40619043529718,9.0
184,2023-09-10 10:17:48,9.0,2023-09-10 21:29:48,9.0,120.809,-0.495,0.7939999999999969,-8.815999999999999,-1.3382279058968645,9.0
185,2023-09-10 21:29:48,9.0,2023-09-11 10:23:48,9.0,120.015,8.321,-0.20699999999999363,-2.3789999999999996,-0.6981022016306458,9.0
186,2023-09-11 10:23:48,9.0,2023-09-11 21:27:48,9.0,120.222,10.7,-1.456000000000003,17.83,-0.5253641060715109,9.0
187,2023-09-11 21:27:48,9.0,2023-09-12 10:11:48,9.0,121.678,-7.13,0.29399999999999693,5.712000000000001,-1.8199922035155534,9.0
188,2023-09-12 10:11:48,9.0,2023-09-12 21:29:48,9.0,121.384,-12.842,0.9200000000000017,-14.75,-2.234737895753376,9.0
189,2023-09-12 21:29:48,9.0,2023-09-13 10:18:48,9.0,120.464,1.908,-0.45600000000000307,-6.161000000000001,-1.163747181378747,9.0
190,2023-09-13 10:18:48,9.0,2023-09-13 21:25:48,9.0,120.92,8.069,-0.45600000000000307,5.924000000000001,-0.7163998056999614,9.0
191,2023-09-13 21:25:48,9.0,2023-09-14 10:14:48,9.0,121.376,2.145,0.4200000000000017,7.353999999999999,-1.1465387204087953,9.0
192,2023-09-14 10:14:48,9.0,2023-09-14 21:28:48,9.0,120.956,-5.209,-0.5810000000000031,17.508,-1.680509277257,9.0
193,2023-09-14 21:28:48,9.0,2023-09-15 10:09:48,9.0,121.537,-22.717,-0.20599999999998886,-4.605999999999998,-2.9517571028346943,9.0
194,2023-09-15 10:09:48,9.0,2023-09-15 21:26:48,9.0,121.743,-18.111,0.5450000000000017,-15.774000000000001,-2.61731756178998,9.0
237,2023-10-06 21:34:48,9.0,2023-10-07 09:54:48,9.0,120.801,60.147,0.03700000000000614,2.6670000000000016,3.0649598162120317,10.0
238,2023-10-07 09:54:48,9.0,2023-10-07 21:34:48,9.0,120.764,57.48,0.41100000000000136,15.293,2.8713101731451074,10.0
239,2023-10-07 21:34:48,9.0,2023-10-08 09:57:48,9.0,120.353,42.187,-0.09000000000000341,4.223999999999997,1.7608924785735012,10.0
240,2023-10-08 09:57:48,9.0,2023-10-08 21:33:48,9.0,120.443,37.963,-0.4650000000000034,-4.68,1.4541897817925908,10.0
241,2023-10-08 21:33:48,9.0,2023-10-09 09:53:48,9.0,120.908,42.643,0.03499999999999659,1.916000000000004,1.7940024287941678,10.0
242,2023-10-09 09:53:48,9.0,2023-10-09 21:33:48,9.0,120.873,40.727,-0.09099999999999397,0.9029999999999987,1.6548825502354023,10.0
243,2023-10-09 21:33:48,9.0,2023-10-10 09:52:48,9.0,120.964,39.824,0.2839999999999918,-1.4789999999999992,1.5893161356536878,10.0
244,2023-10-10 09:52:48,9.0,2023-10-10 21:35:48,9.0,120.68,41.303,0.40800000000000125,6.341999999999999,1.696705645250981,10.0
245,2023-10-10 21:35:48,9.0,2023-10-11 09:55:48,9.0,120.272,34.961,-0.09199999999999875,2.3470000000000013,1.2362159428398696,10.0
246,2023-10-11 09:55:48,9.0,2023-10-11 21:34:48,9.0,120.364,32.614,-0.09199999999999875,0.26599999999999824,1.0658013525593777,11.0
247,2023-10-11 21:34:48,9.0,2023-10-12 09:54:48,9.0,120.456,32.348,-0.09399999999999409,2.0239999999999974,1.0464872149306559,11.0
248,2023-10-12 09:54:48,9.0,2023-10-12 21:33:48,9.0,120.55,30.324,-0.09300000000000352,0.13500000000000156,0.8995255060564696,11.0
249,2023-10-12 21:33:48,9.0,2023-10-13 09:53:48,9.0,120.643,30.189,-0.09499999999999886,1.7860000000000014,0.8897232181621932,11.0
250,2023-10-13 09:53:48,9.0,2023-10-13 21:32:48,9.0,120.738,28.403,-0.46999999999999886,-3.149000000000001,0.7600425797979161,11.0
251,2023-10-13 21:32:48,9.0,2023-10-14 09:49:48,9.0,121.208,31.552,-0.34499999999999886,3.7620000000000005,0.9886900211244046,11.0
252,2023-10-14 09:49:48,9.0,2023-10-14 21:29:48,9.0,121.553,27.79,0.028999999999996362,1.0009999999999977,0.7155329318039062,11.0
253,2023-10-14 21:29:48,9.0,2023-10-15 09:49:48,9.0,121.524,26.789,0.7789999999999964,-5.253,0.6428507823063468,11.0
254,2023-10-15 09:49:48,9.0,2023-10-15 21:35:48,9.0,120.745,32.042,0.402000000000001,3.830000000000002,1.0242686957036298,11.0
255,2023-10-15 21:35:48,9.0,2023-10-16 09:52:48,9.0,120.343,28.212,-0.5969999999999942,5.053000000000001,0.7461741576660142,11.0
256,2023-10-16 09:52:48,9.0,2023-10-16 21:30:48,9.0,120.94,23.159,-0.22400000000000375,-1.0370000000000026,0.3792781522602516,11.0
257,2023-10-16 21:30:48,9.0,2023-10-17 09:50:48,9.0,121.164,24.196,-0.09900000000000375,1.2420000000000009,0.454574245196285,11.0
258,2023-10-17 09:50:48,9.0,2023-10-17 21:29:48,9.0,121.263,22.954,0.15100000000001046,1.524000000000001,0.3643931965689433,11.0
259,2023-10-17 21:29:48,9.0,2023-10-18 09:51:48,9.0,121.112,21.43,0.7749999999999915,-4.612000000000002,0.2537362576735579,11.0
260,2023-10-18 09:51:48,9.0,2023-10-18 21:35:48,9.0,120.337,26.042,-0.2259999999999991,-0.8759999999999977,0.5886114559580181,11.0
261,2023-10-18 21:35:48,9.0,2023-10-19 09:49:48,9.0,120.563,26.918,-0.47700000000000387,3.5189999999999984,0.6522174129608773,11.0
262,2023-10-19 09:49:48,9.0,2023-10-19 21:31:48,9.0,121.04,23.399,-0.8519999999999897,-4.687999999999999,0.3967044418500762,11.0
263,2023-10-19 21:31:48,9.0,2023-10-20 09:42:48,9.0,121.892,28.087,1.7729999999999961,-9.373999999999999,0.737097965171314,11.0
264,2023-10-20 09:42:48,9.0,2023-10-20 21:45:48,9.0,120.119,37.461,-0.1039999999999992,0.1739999999999995,1.4177397927338744,11.0
265,2023-10-20 21:45:48,9.0,2023-10-21 09:41:48,9.0,120.223,37.287,-1.8539999999999992,10.666999999999998,1.4051057327812517,11.0
266,2023-10-21 09:41:48,9.0,2023-10-21 21:30:48,9.0,122.077,26.62,0.01999999999999602,0.5960000000000001,0.6305797700535121,11.0
267,2023-10-21 21:30:48,9.0,2023-10-22 09:41:48,9.0,122.057,26.024,0.6440000000000055,-2.983999999999998,0.5873044842387812,11.0
268,2023-10-22 09:41:48,9.0,2023-10-22 21:35:48,9.0,121.413,29.008,0.14399999999999125,1.251999999999999,0.8039713514722653,11.0
269,2023-10-22 21:35:48,9.0,2023-10-23 09:42:48,9.0,121.269,27.756,-0.3569999999999993,2.314,0.7130642074453478,11.0
270,2023-10-23 09:42:48,9.0,2023-10-23 21:32:48,9.0,121.626,25.442,0.8920000000000101,5.027000000000001,0.5450457319834568,11.0
271,2023-10-23 21:32:48,9.0,2023-10-24 09:49:48,9.0,120.734,20.415,0.3919999999999959,-1.6709999999999994,0.1800375746165919,11.0
272,2023-10-24 09:49:48,9.0,2023-10-24 21:35:48,9.0,120.342,22.086,-0.35899999999999466,-1.4430000000000014,0.3013681158857447,11.0
273,2023-10-24 21:35:48,9.0,2023-10-25 09:46:48,9.0,120.701,23.529,-0.11000000000001364,0.8979999999999997,0.40614368204456436,11.0
274,2023-10-25 09:46:48,9.0,2023-10-25 21:34:48,9.0,120.811,22.631,0.26400000000001,1.615000000000002,0.34094031516263784,11.0
275,2023-10-25 21:34:48,9.0,2023-10-26 09:48:48,9.0,120.547,21.016,0.012999999999991019,0.24199999999999733,0.2236759081311106,11.0
276,2023-10-26 09:48:48,9.0,2023-10-26 21:34:48,9.0,120.534,20.774,-0.9869999999999948,-4.280999999999999,0.20610439946137113,11.0
277,2023-10-26 21:34:48,9.0,2023-10-27 09:40:48,9.0,121.521,25.055,0.012000000000000455,0.3009999999999984,0.5169458400198649,11.0
278,2023-10-27 09:40:48,9.0,2023-10-27 21:34:48,9.0,121.509,24.754,0.7609999999999957,3.7590000000000003,0.49509036849262683,11.0
279,2023-10-27 21:34:48,9.0,2023-10-28 09:46:48,9.0,120.748,20.995,0.13500000000000512,-0.3200000000000003,0.22215110779200115,11.0
280,2023-10-28 09:46:48,9.0,2023-10-28 21:35:48,9.0,120.613,21.315,-0.23999999999999488,-0.7719999999999985,0.2453861605784338,11.0
281,2023-10-28 21:35:48,9.0,2023-10-29 09:44:48,9.0,120.853,22.087,-0.11599999999999966,0.786999999999999,0.3014407254257024,11.0
282,2023-10-29 09:44:48,9.0,2023-10-29 21:34:48,9.0,120.969,21.3,-0.24200000000000443,-0.7579999999999991,0.24429701747906973,11.0
283,2023-10-29 21:34:48,9.0,2023-10-30 09:42:48,9.0,121.211,22.058,0.007000000000005002,0.245000000000001,0.29933504876693195,11.0
284,2023-10-30 09:42:48,9.0,2023-10-30 21:34:48,9.0,121.204,21.813,0.006000000000000227,0.29199999999999804,0.2815457114773194,11.0
285,2023-10-30 21:34:48,9.0,2023-10-31 09:42:48,9.0,121.198,21.521,0.7560000000000002,-2.789999999999999,0.2603437258096998,11.0
286,2023-10-31 09:42:48,9.0,2023-10-31 21:40:48,9.0,120.442,24.311,0.5039999999999907,2.2929999999999993,0.4629243422914091,11.0
287,2023-10-31 21:40:48,9.0,2023-11-01 09:46:48,9.0,119.938,22.018,0.2540000000000049,-0.7459999999999987,0.2964306671686279,11.0
288,2023-11-01 09:46:48,9.0,2023-11-01 21:42:48,9.0,119.684,22.764,-0.2469999999999999,-0.6980000000000004,0.35059738397699886,11.0
289,2023-11-01 21:42:48,9.0,2023-11-02 09:44:48,9.0,119.931,23.462,-0.9980000000000047,4.109999999999999,0.40127884286740506,11.0
290,2023-11-02 09:44:48,9.0,2023-11-02 21:34:48,9.0,120.929,19.352,0.12600000000000477,0.6960000000000015,0.10285363364166113,11.0
291,2023-11-02 21:34:48,9.0,2023-11-03 09:45:48,9.0,120.803,18.656,0.0,0.19599999999999795,0.052317393831170074,11.0
292,2023-11-03 09:45:48,9.0,2023-11-03 21:34:48,9.0,120.803,18.46,0.125,0.6620000000000026,0.03808592399948024,11.0
293,2023-11-03 21:34:48,9.0,2023-11-04 09:46:48,9.0,120.678,17.798,-0.3760000000000048,1.5899999999999999,-0.009981591452452426,11.0
294,2023-11-04 09:46:48,9.0,2023-11-04 21:31:48,9.0,121.054,16.208,-0.3780000000000001,-1.238000000000003,-0.1254307599850395,11.0
295,2023-11-04 21:31:48,9.0,2023-11-05 09:43:48,9.0,121.432,17.446,0.2469999999999999,-0.7299999999999969,-0.035540149517528076,11.0
296,2023-11-05 09:43:48,9.0,2023-11-05 21:33:48,9.0,121.185,18.176,-0.7539999999999907,-2.5260000000000034,0.017464814651521113,11.0
297,2023-11-05 21:33:48,9.0,2023-11-06 09:37:48,9.0,121.939,20.702,0.36999999999999034,-1.0989999999999966,0.20087651258442385,11.0
298,2023-11-06 09:37:48,9.0,2023-11-06 21:36:48,9.0,121.569,21.801,0.8689999999999998,3.238999999999997,0.28067439699782815,11.0
299,2023-11-06 21:36:48,9.0,2023-11-07 09:44:48,9.0,120.7,18.562,0.3689999999999998,-1.1080000000000005,0.04549209707515566,11.0
300,2023-11-07 09:44:48,9.0,2023-11-07 21:39:48,9.0,120.331,19.67,-0.38299999999999557,-1.1289999999999978,0.12594346734817866,11.0
301,2023-11-07 21:39:48,9.0,2023-11-08 09:41:48,9.0,120.714,20.799,-0.13299999999999557,0.6359999999999992,0.20791963796031107,11.0
302,2023-11-08 09:41:48,9.0,2023-11-08 21:38:48,9.0,120.847,20.163,0.11499999999999488,0.5640000000000001,0.1617399705472763,11.0
303,2023-11-08 21:38:48,9.0,2023-11-09 09:42:48,9.0,120.732,19.599,-0.3850000000000051,1.4520000000000017,0.1207881900111888,11.0
304,2023-11-09 09:42:48,9.0,2023-11-09 21:35:48,9.0,121.117,18.147,-0.2609999999999957,-0.7120000000000033,0.015359137992750663,11.0
305,2023-11-09 21:35:48,9.0,2023-11-10 09:40:48,9.0,121.378,18.859,1.1129999999999995,-3.4449999999999967,0.06705713044256348,11.0
306,2023-11-10 09:40:48,9.0,2023-11-10 21:44:48,9.0,120.265,22.304,0.23699999999999477,0.9359999999999999,0.3171969955965019,12.0
307,2023-11-10 21:44:48,9.0,2023-11-11 09:42:48,9.0,120.028,21.368,-1.0139999999999958,3.4079999999999977,0.2492344661961865,12.0
308,2023-11-11 09:42:48,9.0,2023-11-11 21:36:48,9.0,121.042,17.96,-0.1389999999999958,-0.3059999999999974,0.0017811540206792743,12.0
309,2023-11-11 21:36:48,9.0,2023-11-12 09:41:48,9.0,121.181,18.266,0.35899999999999466,-0.9920000000000009,0.023999673247705276,12.0
310,2023-11-12 09:41:48,9.0,2023-11-12 21:39:48,9.0,120.822,19.258,-0.015999999999991132,0.09399999999999764,0.09602833688564646,12.0
311,2023-11-12 21:39:48,9.0,2023-11-13 09:41:48,9.0,120.838,19.164,0.6069999999999993,-1.7240000000000002,0.08920304012963205,12.0
312,2023-11-13 09:41:48,9.0,2023-11-13 21:44:48,9.0,120.231,20.888,-0.3930000000000007,-1.0329999999999977,0.2143818870165378,12.0
313,2023-11-13 21:44:48,9.0,2023-11-14 09:38:48,9.0,120.624,21.921,-0.14400000000000546,0.588000000000001,0.28938754179274045,12.0
314,2023-11-14 09:38:48,9.0,2023-11-14 21:43:48,9.0,120.768,21.333,0.730000000000004,2.3359999999999985,0.24669313229767043,12.0
315,2023-11-14 21:43:48,9.0,2023-11-15 09:44:48,9.0,120.038,18.997,-0.1460000000000008,0.5680000000000014,0.0770772469567124,12.0
316,2023-11-15 09:44:48,9.0,2023-11-15 21:42:48,9.0,120.184,18.429,-0.27200000000000557,-0.6820000000000022,0.03583502826079441,12.0
317,2023-11-15 21:42:48,9.0,2023-11-16 09:42:48,9.0,120.456,19.111,-0.14799999999999613,0.5620000000000012,0.08535473451187908,12.0
318,2023-11-16 09:42:48,9.0,2023-11-16 21:41:48,9.0,120.604,18.549,-0.27299999999999613,-0.6780000000000008,0.044548173055706713,12.0
319,2023-11-16 21:41:48,9.0,2023-11-17 09:40:48,9.0,120.877,19.227,0.4749999999999943,-1.2459999999999987,0.09377744114696089,12.0
320,2023-11-17 09:40:48,9.0,2023-11-17 21:45:48,9.0,120.402,20.473,0.09999999999999432,0.4139999999999979,0.1842489279341328,12.0
321,2023-11-17 21:45:48,9.0,2023-11-18 09:41:48,9.0,120.302,20.059,-0.026999999999986812,0.19900000000000162,0.15418857839168576,12.0
322,2023-11-18 09:41:48,9.0,2023-11-18 21:45:48,9.0,120.329,19.86,-0.15200000000000102,-0.30700000000000216,0.13973927994012283,12.0
323,2023-11-18 21:45:48,9.0,2023-11-19 09:40:48,9.0,120.481,20.167,-0.028000000000005798,0.19900000000000162,0.1620304087071068,12.0
324,2023-11-19 09:40:48,9.0,2023-11-19 21:45:48,9.0,120.509,19.968,0.22100000000000364,0.7330000000000005,0.1475811102555439,12.0
325,2023-11-19 21:45:48,9.0,2023-11-20 09:42:48,9.0,120.288,19.235,0.09600000000000364,-0.15300000000000225,0.09435831746662164,12.0
326,2023-11-20 09:42:48,9.0,2023-11-20 21:46:48,9.0,120.192,19.388,-0.5310000000000059,-1.3419999999999987,0.10546757708013489,12.0
327,2023-11-20 21:46:48,9.0,2023-11-21 09:38:48,9.0,120.723,20.73,-0.1560000000000059,0.5390000000000015,0.20290957970323661,12.0
328,2023-11-21 09:38:48,9.0,2023-11-21 21:45:48,9.0,120.879,20.191,0.3430000000000035,1.036999999999999,0.16377303766608906,12.0
329,2023-11-21 21:45:48,9.0,2023-11-22 09:41:48,9.0,120.536,19.154,0.21699999999999875,-0.4819999999999993,0.08847694473005592,12.0
330,2023-11-22 09:41:48,9.0,2023-11-22 21:47:48,9.0,120.319,19.636,-0.2839999999999918,-0.6550000000000011,0.12347474298962,12.0
331,2023-11-22 21:47:48,9.0,2023-11-23 09:39:48,9.0,120.603,20.291,-0.1600000000000108,0.527000000000001,0.17103399166184935,12.0
332,2023-11-23 09:39:48,9.0,2023-11-23 21:46:48,9.0,120.763,19.764,0.09000000000000341,0.3359999999999985,0.13276876410419305,12.0
333,2023-11-23 21:46:48,9.0,2023-11-24 09:40:48,9.0,120.673,19.428,-0.16199999999999193,0.5199999999999996,0.1083719586784389,12.0
334,2023-11-24 09:40:48,9.0,2023-11-24 21:45:48,9.0,120.835,18.908,-0.03700000000000614,-0.006999999999997897,0.07061499790048593,12.0
335,2023-11-24 21:45:48,9.0,2023-11-25 09:40:48,9.0,120.872,18.915,-0.6620000000000061,1.8269999999999982,0.071123264680189,12.0
336,2023-11-25 09:40:48,9.0,2023-11-25 21:40:48,9.0,121.534,17.088,0.08600000000001273,0.3049999999999997,-0.061534364822349606,12.0
337,2023-11-25 21:40:48,9.0,2023-11-26 09:41:48,9.0,121.448,16.783,1.0849999999999937,-2.7379999999999995,-0.08368027450941817,12.0
338,2023-11-26 09:41:48,9.0,2023-11-26 21:49:48,9.0,120.363,19.521,0.20999999999999375,0.6230000000000011,0.11512464589449589,12.0
339,2023-11-26 21:49:48,9.0,2023-11-27 09:43:48,9.0,120.153,18.898,-0.04099999999999682,0.18599999999999994,0.0698889025009098,12.0
340,2023-11-27 09:43:48,9.0,2023-11-27 21:49:48,9.0,120.194,18.712,0.3329999999999984,0.9289999999999985,0.056383528068795846,12.0
341,2023-11-27 21:49:48,9.0,2023-11-28 09:46:48,9.0,119.861,17.783,0.7079999999999984,-1.718,-0.011070734551816239,12.0
342,2023-11-28 09:46:48,9.0,2023-11-28 21:55:48,9.0,119.153,19.501,-0.41799999999999216,-0.9649999999999999,0.11367245509534388,12.0
343,2023-11-28 21:55:48,9.0,2023-11-29 09:43:48,9.0,119.571,20.466,-0.6689999999999969,1.7460000000000022,0.18374066115442975,12.0
344,2023-11-29 09:43:48,9.0,2023-11-29 21:50:48,9.0,120.24,18.72,0.0799999999999983,0.2729999999999997,0.0569644043884566,12.0
345,2023-11-29 21:50:48,9.0,2023-11-30 09:44:48,9.0,120.16,18.447,-0.6700000000000017,1.7449999999999974,0.037141999980031294,12.0
346,2023-11-30 09:44:48,9.0,2023-11-30 21:45:48,9.0,120.83,16.702,-0.9200000000000017,-2.229999999999997,-0.0895616472459839,12.0
347,2023-11-30 21:45:48,9.0,2023-12-01 09:37:48,9.0,121.75,18.932,0.953000000000003,-2.2560000000000002,0.07235762685946819,12.0
348,2023-12-01 09:37:48,9.0,2023-12-01 21:53:48,9.0,120.797,21.188,0.7019999999999982,1.7759999999999998,0.23616474900381818,12.0
349,2023-12-01 21:53:48,9.0,2023-12-02 09:43:48,9.0,120.095,19.412,-0.2980000000000018,0.791999999999998,0.10721020603911716,12.0
350,2023-12-02 09:43:48,9.0,2023-12-02 21:51:48,9.0,120.393,18.62,0.07699999999999818,0.2469999999999999,0.04970345039269656,12.0
351,2023-12-02 21:51:48,9.0,2023-12-03 09:44:48,9.0,120.316,18.373,-0.17399999999999238,0.48200000000000287,0.03176889402316889,12.0
352,2023-12-03 09:44:48,9.0,2023-12-03 21:50:48,9.0,120.49,17.891,-0.30000000000001137,-0.6710000000000029,-0.003228904236395449,12.0
353,2023-12-03 21:50:48,9.0,2023-12-04 09:42:48,9.0,120.79,18.562,-0.04999999999999716,0.1769999999999996,0.04549209707515566,12.0
354,2023-12-04 09:42:48,9.0,2023-12-04 21:50:48,9.0,120.84,18.385,0.19899999999999807,0.532,0.03264020850266015,12.0
355,2023-12-04 21:50:48,9.0,2023-12-05 09:44:48,9.0,120.641,17.853,0.5730000000000075,-1.3199999999999967,-0.005988066754784083,12.0
356,2023-12-05 09:44:48,9.0,2023-12-05 21:55:48,9.0,120.068,19.173,-0.3020000000000067,-0.6620000000000026,0.08985652598925023,12.0
357,2023-12-05 21:55:48,9.0,2023-12-06 09:42:48,9.0,120.37,19.835,-0.17799999999999727,0.4710000000000001,0.1379240414411829,12.0
358,2023-12-06 09:42:48,9.0,2023-12-06 21:54:48,9.0,120.548,19.364,-0.17799999999999727,-0.3689999999999998,0.10372494812115239,12.0
359,2023-12-06 21:54:48,9.0,2023-12-07 09:41:48,9.0,120.726,19.733,-0.5529999999999973,1.350999999999999,0.1305178683655075,12.0
360,2023-12-07 09:41:48,9.0,2023-12-07 21:50:48,9.0,121.279,18.382,-0.18000000000000682,-0.3780000000000001,0.03242237988278734,12.0
361,2023-12-07 21:50:48,9.0,2023-12-08 09:40:48,9.0,121.459,18.76,-0.054000000000002046,0.1720000000000006,0.059868785986760875,12.0
362,2023-12-08 09:40:48,9.0,2023-12-08 21:50:48,9.0,121.513,18.588,0.5690000000000026,1.3800000000000026,0.047379945114053294,12.0
363,2023-12-08 21:50:48,9.0,2023-12-09 09:45:48,9.0,120.944,17.208,-0.05499999999999261,0.16799999999999926,-0.05282122002743756,12.0
364,2023-12-09 09:45:48,9.0,2023-12-09 21:50:48,9.0,120.999,17.04,0.0689999999999884,0.19699999999999918,-0.06501962274031463,12.0
365,2023-12-09 21:50:48,9.0,2023-12-10 09:46:48,9.0,120.93,16.843,0.06800000000001205,-0.1280000000000001,-0.07932370211196214,12.0
366,2023-12-10 09:46:48,9.0,2023-12-10 21:51:48,9.0,120.862,16.971,-0.05700000000000216,-0.10200000000000031,-0.0700296809973891,12.0
367,2023-12-10 21:51:48,9.0,2023-12-11 09:46:48,9.0,120.919,17.073,0.19299999999999784,-0.4190000000000005,-0.06262350792171367,12.0
368,2023-12-11 09:46:48,9.0,2023-12-11 21:53:48,9.0,120.726,17.492,-0.43300000000000693,-0.972999999999999,-0.03220011067947843,1.0
369,2023-12-11 21:53:48,9.0,2023-12-12 09:43:48,9.0,121.159,18.465,0.06700000000000728,-0.12399999999999878,0.03844897169926818,1.0
370,2023-12-12 09:43:48,9.0,2023-12-12 21:54:48,9.0,121.092,18.589,0.3160000000000025,0.7579999999999991,0.04745255465401073,1.0
371,2023-12-12 21:54:48,9.0,2023-12-13 09:46:48,9.0,120.776,17.831,-0.058000000000006935,0.16199999999999903,-0.007585476633851472,1.0
372,2023-12-13 09:46:48,9.0,2023-12-13 21:54:48,9.0,120.834,17.669,0.4399999999999977,1.0429999999999993,-0.019348222106982914,1.0
373,2023-12-13 21:54:48,9.0,2023-12-14 09:50:48,9.0,120.394,16.626,0.6910000000000025,-1.5700000000000003,-0.09507997228276167,1.0
374,2023-12-14 09:50:48,9.0,2023-12-14 22:00:48,9.0,119.703,18.196,-0.8100000000000023,-1.8199999999999967,0.018917005450673378,1.0
375,2023-12-14 22:00:48,9.0,2023-12-15 09:44:48,9.0,120.513,20.016,0.19000000000001194,-0.40500000000000114,0.15106636817350866,1.0
376,2023-12-15 09:44:48,9.0,2023-12-15 22:02:48,9.0,120.323,20.421,-0.4350000000000023,-0.9510000000000005,0.18047323185633754,1.0
377,2023-12-15 22:02:48,9.0,2023-12-16 09:41:48,9.0,120.758,21.372,-0.6850000000000023,1.5539999999999985,0.249524904356017,1.0
378,2023-12-16 09:41:48,9.0,2023-12-16 21:57:48,9.0,121.443,19.818,1.063999999999993,2.4350000000000023,0.1366896792619037,1.0
379,2023-12-16 21:57:48,9.0,2023-12-17 09:50:48,9.0,120.379,17.383,0.43900000000000716,-0.9879999999999995,-0.04011455053485717,1.0
380,2023-12-17 09:50:48,9.0,2023-12-17 22:01:48,9.0,119.94,18.371,-0.561000000000007,-1.2550000000000026,0.03162367494325351,1.0
381,2023-12-17 22:01:48,9.0,2023-12-18 09:46:48,9.0,120.501,19.626,0.06400000000000716,-0.13100000000000023,0.12274864759004413,1.0
382,2023-12-18 09:46:48,9.0,2023-12-18 22:02:48,9.0,120.437,19.757,0.4380000000000024,0.9980000000000011,0.13226049732449,1.0
383,2023-12-18 22:02:48,9.0,2023-12-19 09:50:48,9.0,119.999,18.759,-0.06100000000000705,0.1479999999999997,0.059796176446803184,1.0
384,2023-12-19 09:50:48,9.0,2023-12-19 22:02:48,9.0,120.06,18.611,-0.6869999999999976,-1.536999999999999,0.04904996453307812,1.0
385,2023-12-19 22:02:48,9.0,2023-12-20 09:45:48,9.0,120.747,20.148,0.06300000000000239,-0.13500000000000156,0.16065082744791223,1.0
386,2023-12-20 09:45:48,9.0,2023-12-20 22:03:48,9.0,120.684,20.283,-0.06100000000000705,-0.13400000000000034,0.1704531153421886,1.0
387,2023-12-20 22:03:48,9.0,2023-12-21 09:45:48,9.0,120.745,20.417,0.4369999999999976,-0.9699999999999989,0.18018279369650728,1.0
388,2023-12-21 09:45:48,9.0,2023-12-21 22:07:48,9.0,120.308,21.387,0.3130000000000024,0.6950000000000003,0.2506140474553811,1.0
389,2023-12-21 22:07:48,9.0,2023-12-22 09:48:48,9.0,119.995,20.692,-0.5609999999999928,1.254999999999999,0.20015041718484772,1.0
390,2023-12-22 09:48:48,9.0,2023-12-22 22:03:48,9.0,120.556,19.437,0.1869999999999976,0.4200000000000017,0.10902544453805735,1.0
391,2023-12-22 22:03:48,9.0,2023-12-23 09:50:48,9.0,120.369,19.017,-0.1869999999999976,0.41799999999999926,0.07852943775586442,1.0
392,2023-12-23 09:50:48,9.0,2023-12-23 22:02:48,9.0,120.556,18.599,0.3130000000000024,0.7050000000000018,0.04817865005358686,1.0
393,2023-12-23 22:02:48,9.0,2023-12-24 09:53:48,9.0,120.243,17.894,-0.43600000000000705,0.9899999999999984,-0.003011075616522635,1.0
394,2023-12-24 09:53:48,9.0,2023-12-24 21:59:48,9.0,120.679,16.904,-0.1869999999999976,-0.4349999999999987,-0.07489452017454844,1.0
395,2023-12-24 21:59:48,9.0,2023-12-25 09:52:48,9.0,120.866,17.339,0.4380000000000024,-1.0080000000000027,-0.043309370292991686,1.0
396,2023-12-25 09:52:48,9.0,2023-12-25 22:03:48,9.0,120.428,18.347,0.06300000000000239,0.13300000000000267,0.029881045984271257,1.0
397,2023-12-25 22:03:48,9.0,2023-12-26 09:53:48,9.0,120.365,18.214,0.3129999999999882,-0.7250000000000014,0.020223977169910003,1.0
398,2023-12-26 09:53:48,9.0,2023-12-26 22:06:48,9.0,120.052,18.939,-0.06099999999999284,-0.15399999999999991,0.07286589363917151,1.0
399,2023-12-26 22:06:48,9.0,2023-12-27 09:53:48,9.0,120.113,19.093,-0.4369999999999976,0.9750000000000014,0.0840477627926422,1.0
400,2023-12-27 09:53:48,9.0,2023-12-27 22:03:48,9.0,120.55,18.118,0.43899999999999295,0.9889999999999972,0.013253461333980213,1.0
401,2023-12-27 22:03:48,9.0,2023-12-28 09:57:48,9.0,120.111,17.129,0.18900000000000716,-0.4529999999999994,-0.0585573736840879,1.0
402,2023-12-28 09:57:48,9.0,2023-12-28 22:05:48,9.0,119.922,17.582,-0.18600000000000705,-0.44599999999999795,-0.025665252083294267,1.0
403,2023-12-28 22:05:48,9.0,2023-12-29 09:56:48,9.0,120.108,18.028,-0.06099999999999284,0.11799999999999855,0.006718602737796049,1.0
404,2023-12-29 09:56:48,9.0,2023-12-29 22:05:48,9.0,120.169,17.91,-0.18500000000000227,-0.4490000000000016,-0.0018493229772008739,1.0
405,2023-12-29 22:05:48,9.0,2023-12-30 09:55:48,9.0,120.354,18.359,0.5649999999999977,-1.3169999999999966,0.030752360463762514,1.0
406,2023-12-30 09:55:48,9.0,2023-12-30 22:10:48,9.0,119.789,19.676,0.06499999999999773,0.11899999999999977,0.12637912458792402,1.0
407,2023-12-30 22:10:48,9.0,2023-12-31 09:56:48,9.0,119.724,19.557,-0.6850000000000023,1.5429999999999993,0.1177385893329694,1.0
408,2023-12-31 09:56:48,9.0,2023-12-31 22:05:48,9.0,120.409,18.014,-1.5589999999999975,-3.591000000000001,0.00570206917838967,1.0
409,2023-12-31 22:05:48,9.0,2024-01-01 09:44:48,9.0,121.968,21.605,-0.0589999999999975,0.09600000000000009,0.2664429271661383,1.0
410,2024-01-01 09:44:48,9.0,2024-01-01 22:05:48,9.0,122.027,21.509,0.9410000000000025,2.1090000000000018,0.2594724113302085,1.0
411,2024-01-01 22:05:48,9.0,2024-01-02 09:52:48,9.0,121.086,19.4,-0.058000000000006935,0.09799999999999898,0.10633889155962589,1.0
412,2024-01-02 09:52:48,9.0,2024-01-02 22:05:48,9.0,121.144,19.302,0.4420000000000073,0.9879999999999995,0.09922315664378098,1.0
413,2024-01-02 22:05:48,9.0,2024-01-03 09:56:48,9.0,120.702,18.314,-0.058000000000006935,0.09700000000000131,0.0274849311656703,1.0
414,2024-01-03 09:56:48,9.0,2024-01-03 22:05:48,9.0,120.76,18.217,0.19300000000001205,0.4139999999999979,0.02044180578978282,1.0
415,2024-01-03 22:05:48,9.0,2024-01-04 09:58:48,9.0,120.567,17.803,0.06799999999999784,-0.2010000000000005,-0.009618543752664232,1.0
416,2024-01-04 09:58:48,9.0,2024-01-04 22:06:48,9.0,120.499,18.004,0.31799999999999784,0.713000000000001,0.0049759737788137946,1.0
417,2024-01-04 22:06:48,9.0,2024-01-05 10:01:48,9.0,120.181,17.291,0.06900000000000261,-0.20599999999999952,-0.04679462821095646,1.0
418,2024-01-05 10:01:48,9.0,2024-01-05 22:07:48,9.0,120.112,17.497,-0.6800000000000068,-1.657,-0.031837062979690495,1.0
419,2024-01-05 22:07:48,9.0,2024-01-06 09:56:48,9.0,120.792,19.154,0.3190000000000026,-0.8039999999999985,0.08847694473005592,1.0
420,2024-01-06 09:56:48,9.0,2024-01-06 22:10:48,9.0,120.473,19.958,0.19599999999999795,0.4079999999999977,0.14685501485596777,1.0
421,2024-01-06 22:10:48,9.0,2024-01-07 09:58:48,9.0,120.277,19.55,-0.679000000000002,1.565999999999999,0.11723032255326633,1.0
422,2024-01-07 09:58:48,9.0,2024-01-07 22:05:48,9.0,120.956,17.984,-0.17900000000000205,-0.4809999999999981,0.003523782979661787,1.0
423,2024-01-07 22:05:48,9.0,2024-01-08 09:57:48,9.0,121.135,18.465,0.5710000000000122,-1.4250000000000007,0.03844897169926818,1.0
424,2024-01-08 09:57:48,9.0,2024-01-08 22:10:48,9.0,120.564,19.89,0.3229999999999933,0.713000000000001,0.14191756613885098,1.0
425,2024-01-08 22:10:48,9.0,2024-01-09 10:00:48,9.0,120.241,19.177,-0.3020000000000067,0.6709999999999994,0.09014696414908074,1.0
426,2024-01-09 10:00:48,9.0,2024-01-09 22:08:48,9.0,120.543,18.506,-0.0519999999999925,-0.18499999999999872,0.04142596283752988,1.0
427,2024-01-09 22:08:48,9.0,2024-01-10 10:00:48,9.0,120.595,18.691,0.07399999999999807,-0.2430000000000021,0.05485872772968615,1.0
428,2024-01-10 10:00:48,9.0,2024-01-10 22:09:48,9.0,120.521,18.934,0.20000000000000284,0.4250000000000007,0.07250284593938357,1.0
429,2024-01-10 22:09:48,9.0,2024-01-11 10:02:48,9.0,120.321,18.509,-0.17499999999999716,0.3670000000000009,0.0416437914574027,1.0
430,2024-01-11 10:02:48,9.0,2024-01-11 22:08:48,9.0,120.496,18.142,-0.2990000000000066,-0.8060000000000009,0.014996090292962725,2.0
431,2024-01-11 22:08:48,9.0,2024-01-12 10:00:48,9.0,120.795,18.948,0.3260000000000076,-0.8769999999999989,0.07351937949878995,2.0
432,2024-01-12 10:00:48,9.0,2024-01-12 22:11:48,9.0,120.469,19.825,0.20199999999999818,0.4250000000000007,0.13719794604160676,2.0
433,2024-01-12 22:11:48,9.0,2024-01-13 10:02:48,9.0,120.267,19.4,-0.04800000000000182,0.04299999999999926,0.10633889155962589,2.0
434,2024-01-13 10:02:48,9.0,2024-01-13 22:11:48,9.0,120.315,19.357,0.07899999999999352,0.11899999999999977,0.10321668134144907,2.0
435,2024-01-13 22:11:48,9.0,2024-01-14 10:03:48,9.0,120.236,19.238,-0.17099999999999227,0.352999999999998,0.09457614608649445,2.0
436,2024-01-14 10:03:48,9.0,2024-01-14 22:10:48,9.0,120.407,18.885,-0.04600000000000648,-0.19399999999999906,0.06894497848146111,2.0
437,2024-01-14 22:10:48,9.0,2024-01-15 10:03:48,9.0,120.453,19.079,0.2049999999999983,-0.6039999999999992,0.08303122923323582,2.0
438,2024-01-15 10:03:48,9.0,2024-01-15 22:12:48,9.0,120.248,19.683,-0.29299999999999216,-0.8350000000000009,0.12688739136762733,2.0
439,2024-01-15 22:12:48,9.0,2024-01-16 10:01:48,9.0,120.541,20.518,-0.41899999999999693,0.9789999999999992,0.187516357232225,2.0
440,2024-01-16 10:01:48,9.0,2024-01-16 22:09:48,9.0,120.96,19.539,0.2079999999999984,0.44700000000000273,0.11643161761373277,2.0
441,2024-01-16 22:09:48,9.0,2024-01-17 10:03:48,9.0,120.752,19.092,-0.04200000000000159,0.019999999999999574,0.08397515325268451,2.0
442,2024-01-17 10:03:48,9.0,2024-01-17 22:09:48,9.0,120.794,19.072,-0.16599999999999682,-0.5259999999999998,0.08252296245353251,2.0
443,2024-01-17 22:09:48,9.0,2024-01-18 10:02:48,9.0,120.96,19.598,0.333999999999989,-0.9730000000000025,0.12071558047123111,2.0
444,2024-01-18 10:02:48,9.0,2024-01-18 22:12:48,9.0,120.626,20.571,0.46000000000000796,1.110000000000003,0.19136466284997797,2.0
445,2024-01-18 22:12:48,9.0,2024-01-19 10:06:48,9.0,120.166,19.461,-0.4140000000000015,1.006999999999998,0.11076807349703961,2.0
446,2024-01-19 10:06:48,9.0,2024-01-19 22:09:48,9.0,120.58,18.454,0.3370000000000033,0.8150000000000013,0.03765026675973461,2.0
447,2024-01-19 22:09:48,9.0,2024-01-20 10:09:48,9.0,120.243,17.639,0.33799999999999386,-1.0120000000000005,-0.021526508305711057,2.0
448,2024-01-20 10:09:48,9.0,2024-01-20 22:12:48,9.0,119.905,18.651,-0.03699999999999193,-0.1999999999999993,0.05195434613138213,2.0
449,2024-01-20 22:12:48,9.0,2024-01-21 10:09:48,9.0,119.942,18.851,-0.6610000000000014,1.718,0.06647625412290246,2.0
450,2024-01-21 10:09:48,9.0,2024-01-21 22:07:48,9.0,120.603,17.133,-0.5350000000000108,-1.5809999999999995,-0.05826693552425765,2.0
451,2024-01-21 22:07:48,9.0,2024-01-22 10:05:48,9.0,121.138,18.714,0.3410000000000082,-1.0530000000000008,0.05652874714871097,2.0
452,2024-01-22 10:05:48,9.0,2024-01-22 22:10:48,9.0,120.797,19.767,0.09099999999999397,0.13799999999999812,0.13298659272406588,2.0
453,2024-01-22 22:10:48,9.0,2024-01-23 10:06:48,9.0,120.706,19.629,-0.2819999999999965,0.6780000000000008,0.12296647620991694,2.0
454,2024-01-23 10:06:48,9.0,2024-01-23 22:08:48,9.0,120.988,18.951,-0.031999999999996476,-0.20599999999999952,0.07373720811866277,2.0
455,2024-01-23 22:08:48,9.0,2024-01-24 10:06:48,9.0,121.02,19.157,0.3439999999999941,-1.097999999999999,0.08869477334992873,2.0
456,2024-01-24 10:06:48,9.0,2024-01-24 22:11:48,9.0,120.676,20.255,0.2190000000000083,0.4989999999999988,0.16842004822337558,2.0
457,2024-01-24 22:11:48,9.0,2024-01-25 10:08:48,9.0,120.457,19.756,-0.15400000000001057,0.31899999999999906,0.1321878877845323,2.0
458,2024-01-25 10:08:48,9.0,2024-01-25 22:10:48,9.0,120.611,19.437,0.47100000000000364,1.2520000000000024,0.10902544453805735,2.0
459,2024-01-25 22:10:48,9.0,2024-01-26 10:12:48,9.0,120.14,18.185,0.09799999999999898,-0.4090000000000025,0.018118300511139555,2.0
460,2024-01-26 10:12:48,9.0,2024-01-26 22:11:48,9.0,120.042,18.594,-0.277000000000001,-0.9489999999999981,0.047815602353798926,2.0
461,2024-01-26 22:11:48,9.0,2024-01-27 10:10:48,9.0,120.319,19.543,-0.15099999999999625,0.3149999999999977,0.11672205577356302,2.0
462,2024-01-27 10:10:48,9.0,2024-01-27 22:10:48,9.0,120.47,19.228,0.34900000000000375,0.9220000000000006,0.09385005068691858,2.0
463,2024-01-27 22:10:48,9.0,2024-01-28 10:13:48,9.0,120.121,18.306,0.10099999999999909,-0.43900000000000006,0.02690405484600955,2.0
464,2024-01-28 10:13:48,9.0,2024-01-28 22:11:48,9.0,120.02,18.745,0.10099999999999909,0.1750000000000007,0.0587796428873968,2.0
465,2024-01-28 22:11:48,9.0,2024-01-29 10:14:48,9.0,119.919,18.57,-0.02200000000000557,-0.06899999999999906,0.04607297339481641,2.0
466,2024-01-29 10:14:48,9.0,2024-01-29 22:11:48,9.0,119.941,18.639,-0.14699999999999136,-0.6009999999999991,0.051083031651890876,2.0
467,2024-01-29 22:11:48,9.0,2024-01-30 10:13:48,9.0,120.088,19.24,-0.5210000000000008,1.5009999999999977,0.09472136516640958,2.0
468,2024-01-30 10:13:48,9.0,2024-01-30 22:07:48,9.0,120.609,17.739,-0.14500000000001023,-0.6050000000000004,-0.01426555430995076,2.0
469,2024-01-30 22:07:48,9.0,2024-01-31 10:12:48,9.0,120.754,18.344,-0.26899999999999125,0.7250000000000014,0.02966321736439844,2.0
470,2024-01-31 10:12:48,9.0,2024-01-31 22:05:48,9.0,121.023,17.619,-0.39400000000000546,-1.426000000000002,-0.022978699104863064,2.0
471,2024-01-31 22:05:48,9.0,2024-02-01 10:09:48,9.0,121.417,19.045,0.6080000000000041,-2.139999999999997,0.08056250487467743,2.0
472,2024-02-01 10:09:48,9.0,2024-02-01 22:10:48,9.0,120.809,21.185,0.3580000000000041,0.9939999999999998,0.23594692038394535,2.0
473,2024-02-01 22:10:48,9.0,2024-02-02 10:12:48,9.0,120.451,20.191,-0.26600000000000534,0.7109999999999985,0.16377303766608906,2.0
474,2024-02-02 10:12:48,9.0,2024-02-02 22:08:48,9.0,120.717,19.48,-0.015000000000000568,-0.22299999999999898,0.11214765475623419,2.0
475,2024-02-02 22:08:48,9.0,2024-02-03 10:12:48,9.0,120.732,19.703,-0.5139999999999958,1.5809999999999995,0.12833958216677935,2.0
476,2024-02-03 10:12:48,9.0,2024-02-03 22:04:48,9.0,121.246,18.122,0.36199999999999477,1.093,0.013543899493810718,2.0
477,2024-02-03 22:04:48,9.0,2024-02-04 10:15:48,9.0,120.884,17.029,0.36199999999999477,-1.431000000000001,-0.0658183276798482,2.0
478,2024-02-04 10:15:48,9.0,2024-02-04 22:07:48,9.0,120.522,18.46,0.11400000000000432,0.2270000000000003,0.03808592399948024,2.0
479,2024-02-04 22:07:48,9.0,2024-02-05 10:16:48,9.0,120.408,18.233,0.23900000000000432,-1.0309999999999988,0.02160355842910458,2.0
480,2024-02-05 10:16:48,9.0,2024-02-05 22:09:48,9.0,120.169,19.264,-0.13500000000000512,-0.6750000000000007,0.09646399412539208,2.0
481,2024-02-05 22:09:48,9.0,2024-02-06 10:15:48,9.0,120.304,19.939,-0.25900000000000034,0.7439999999999998,0.14547543359677345,2.0
482,2024-02-06 10:15:48,9.0,2024-02-06 22:07:48,9.0,120.563,19.195,-0.25799999999999557,-1.1469999999999985,0.09145393586831763,2.0
483,2024-02-06 22:07:48,9.0,2024-02-07 10:13:48,9.0,120.821,20.342,0.11700000000000443,-0.6490000000000009,0.17473707819968692,2.0
484,2024-02-07 10:13:48,9.0,2024-02-07 22:08:48,9.0,120.704,20.991,0.4939999999999998,1.6340000000000003,0.22186066963217066,2.0
485,2024-02-07 22:08:48,9.0,2024-02-08 10:17:48,9.0,120.21,19.357,0.11899999999999977,-0.6649999999999991,0.10321668134144907,2.0
486,2024-02-08 10:17:48,9.0,2024-02-08 22:09:48,9.0,120.091,20.022,-0.13000000000000966,-0.7220000000000013,0.1515020254132543,2.0
487,2024-02-08 22:09:48,9.0,2024-02-09 10:16:48,9.0,120.221,20.744,-0.2539999999999907,0.759999999999998,0.20392611326264298,2.0
488,2024-02-09 10:16:48,9.0,2024-02-09 22:07:48,9.0,120.475,19.984,0.12199999999999989,0.25400000000000134,0.14874286289486566,3.0
489,2024-02-09 22:07:48,9.0,2024-02-10 10:17:48,9.0,120.353,19.73,-0.12700000000000955,0.2839999999999989,0.13030003974563467,3.0
490,2024-02-10 10:17:48,9.0,2024-02-10 22:06:48,9.0,120.48,19.446,-0.001999999999995339,-0.23799999999999955,0.1096789303976758,3.0
491,2024-02-10 22:06:48,9.0,2024-02-11 10:17:48,9.0,120.482,19.684,-0.125,0.28300000000000125,0.12696000090758502,3.0
492,2024-02-11 10:17:48,9.0,2024-02-11 22:05:48,9.0,120.607,19.401,0.375,1.3419999999999987,0.10641150109958358,3.0
493,2024-02-11 22:05:48,9.0,2024-02-12 10:20:48,9.0,120.232,18.059,0.2510000000000048,-1.3000000000000007,0.008969498476481881,3.0
494,2024-02-12 10:20:48,9.0,2024-02-12 22:07:48,9.0,119.981,19.359,0.000999999999990564,-0.24199999999999733,0.10336190042136445,3.0
495,2024-02-12 22:07:48,9.0,2024-02-13 10:20:48,9.0,119.98,19.601,-0.2469999999999999,0.8320000000000007,0.12093340909110392,3.0
496,2024-02-13 10:20:48,9.0,2024-02-13 22:05:48,9.0,120.227,18.769,-0.12199999999999989,-0.7940000000000005,0.06052227184637906,3.0
497,2024-02-13 22:05:48,9.0,2024-02-14 10:19:48,9.0,120.349,19.563,0.0040000000000048885,-0.28600000000000136,0.11817424657271502,3.0
498,2024-02-14 10:19:48,9.0,2024-02-14 22:05:48,9.0,120.345,19.849,0.25499999999999545,0.8960000000000008,0.1389405750005893,3.0
499,2024-02-14 22:05:48,9.0,2024-02-15 10:21:48,9.0,120.09,18.953,-0.11999999999999034,0.29199999999999804,0.07388242719857789,3.0
500,2024-02-15 10:21:48,9.0,2024-02-15 22:04:48,9.0,120.21,18.661,-0.4930000000000092,-2.6189999999999998,0.052680441530958265,3.0
501,2024-02-15 22:04:48,9.0,2024-02-16 10:17:48,9.0,120.703,21.28,-0.117999999999995,0.25,0.24284482667991772,3.0
502,2024-02-16 10:17:48,9.0,2024-02-16 22:03:48,9.0,120.821,21.03,0.38299999999999557,1.5600000000000023,0.22469244169051725,3.0
503,2024-02-16 22:03:48,9.0,2024-02-17 10:20:48,9.0,120.438,19.47,0.13299999999999557,-0.9730000000000025,0.11142155935665805,3.0
504,2024-02-17 10:20:48,9.0,2024-02-17 22:04:48,9.0,120.305,20.443,-0.11499999999999488,-0.9149999999999991,0.1820706417354049,3.0
505,2024-02-17 22:04:48,9.0,2024-02-18 10:19:48,9.0,120.42,21.358,-0.23999999999999488,0.8940000000000019,0.24850837079661062,3.0
506,2024-02-18 10:19:48,9.0,2024-02-18 22:02:48,9.0,120.66,20.464,0.13599999999999568,0.3769999999999989,0.18359544207451436,3.0
507,2024-02-18 22:02:48,9.0,2024-02-19 10:20:48,9.0,120.524,20.087,0.01099999999999568,-0.4059999999999988,0.1562216455104985,3.0
508,2024-02-19 10:20:48,9.0,2024-02-19 22:02:48,9.0,120.513,20.493,0.012000000000000455,-0.2930000000000028,0.18570111873328482,3.0
509,2024-02-19 22:02:48,9.0,2024-02-20 10:20:48,9.0,120.501,20.786,-0.11199999999999477,0.2560000000000002,0.20697571394086237,4.0
510,2024-02-20 10:20:48,9.0,2024-02-20 22:01:48,9.0,120.613,20.53,0.013999999999995794,-0.29999999999999716,0.18838767171171628,4.0
511,2024-02-20 22:01:48,9.0,2024-02-21 10:20:48,9.0,120.599,20.83,0.13900000000001,-1.2100000000000009,0.21017053369899663,4.0
512,2024-02-21 10:20:48,9.0,2024-02-21 22:02:48,9.0,120.46,22.04,0.14000000000000057,0.4049999999999976,0.298028077047695,4.0
513,2024-02-21 22:02:48,9.0,2024-02-22 10:21:48,9.0,120.32,21.635,-0.23400000000000887,1.0030000000000001,0.26862121336486644,4.0
514,2024-02-22 10:21:48,9.0,2024-02-22 22:00:48,9.0,120.554,20.632,-0.23399999999999466,-1.8859999999999992,0.19579384478739167,4.0
515,2024-02-22 22:00:48,9.0,2024-02-23 10:19:48,9.0,120.788,22.518,0.3919999999999959,-2.983999999999998,0.33273543714742887,4.0
516,2024-02-23 10:19:48,9.0,2024-02-23 22:03:48,9.0,120.396,25.502,0.1419999999999959,0.36499999999999844,0.549402304380913,4.0
517,2024-02-23 22:03:48,9.0,2024-02-24 10:20:48,9.0,120.254,25.137,-0.10599999999999454,0.14499999999999957,0.5228998222963883,4.0
518,2024-02-24 10:20:48,9.0,2024-02-24 22:02:48,9.0,120.36,24.992,0.019000000000005457,-0.4579999999999984,0.5123714390025361,4.0
519,2024-02-24 22:02:48,9.0,2024-02-25 10:20:48,9.0,120.341,25.45,-0.6060000000000088,3.689,0.5456266083031176,4.0
520,2024-02-25 10:20:48,9.0,2024-02-25 21:57:48,9.0,120.947,21.761,0.394999999999996,2.3520000000000003,0.2777700153995241,4.0
521,2024-02-25 21:57:48,9.0,2024-02-26 10:23:48,9.0,120.552,19.409,0.021000000000000796,-0.6360000000000028,0.10699237741924433,4.0
522,2024-02-26 10:23:48,9.0,2024-02-26 21:57:48,9.0,120.531,20.045,0.3960000000000008,2.5330000000000013,0.15317204483227936,4.0
523,2024-02-26 21:57:48,9.0,2024-02-27 10:26:48,9.0,120.135,17.512,-0.10299999999999443,0.36100000000000065,-0.03074791988032642,4.0
524,2024-02-27 10:26:48,9.0,2024-02-27 21:56:48,9.0,120.238,17.151,-0.47799999999999443,-4.3679999999999986,-0.05695996380502077,4.0
525,2024-02-27 21:56:48,9.0,2024-02-28 10:22:48,9.0,120.716,21.519,0.14799999999999613,-1.8860000000000028,0.2601985067297844,4.0
526,2024-02-28 10:22:48,9.0,2024-02-28 21:57:48,9.0,120.568,23.405,-0.10200000000000387,-1.6169999999999973,0.39714009908982184,4.0
527,2024-02-28 21:57:48,9.0,2024-02-29 10:21:48,9.0,120.67,25.022,-0.09999999999999432,0.1280000000000001,0.514549725201264,4.0
528,2024-02-29 10:21:48,9.0,2024-02-29 21:56:48,9.0,120.77,24.894,0.2740000000000009,1.788999999999998,0.505255704086691,4.0
529,2024-02-29 21:56:48,9.0,2024-03-01 10:23:48,9.0,120.496,23.105,0.024999999999991473,-1.0410000000000004,0.3753572371025412,4.0
530,2024-03-01 10:23:48,9.0,2024-03-01 21:56:48,9.0,120.471,24.146,-0.22399999999998954,-3.224999999999998,0.4509437681984048,4.0
531,2024-03-01 21:56:48,9.0,2024-03-02 10:21:48,9.0,120.695,27.371,-0.09900000000000375,0.011999999999996902,0.6851095345616709,4.0
532,2024-03-02 10:21:48,9.0,2024-03-02 21:55:48,9.0,120.794,27.359,0.02599999999999625,-0.8319999999999972,0.6842382200821799,4.0
533,2024-03-02 21:55:48,9.0,2024-03-03 10:21:48,9.0,120.768,28.191,0.027000000000001023,-1.5839999999999996,0.7446493573269045,4.0
534,2024-03-03 10:21:48,9.0,2024-03-03 21:55:48,9.0,120.741,29.775,-0.4719999999999942,-7.823999999999998,0.859662868619746,4.0
535,2024-03-03 21:55:48,9.0,2024-03-04 10:17:48,9.0,121.213,37.599,-0.09700000000000841,-0.7550000000000026,1.4277599092480233,4.0
536,2024-03-04 10:17:48,9.0,2024-03-04 21:54:48,9.0,121.31,38.354,0.6530000000000058,7.820999999999998,1.482580111916013,4.0
537,2024-03-04 21:54:48,9.0,2024-03-05 10:22:48,9.0,120.657,30.533,0.15399999999999636,-4.429000000000002,0.9147008999076084,4.0
538,2024-03-05 10:22:48,9.0,2024-03-05 21:55:48,9.0,120.503,34.962,0.15500000000000114,0.34500000000000597,1.2362885523798275,4.0
539,2024-03-05 21:55:48,9.0,2024-03-06 10:23:48,9.0,120.348,34.617,-0.22100000000000364,1.7629999999999981,1.2112382610944545,4.0
540,2024-03-06 10:23:48,9.0,2024-03-06 21:53:48,9.0,120.569,32.854,0.15500000000000114,0.6330000000000027,1.0832276421492024,4.0
541,2024-03-06 21:53:48,9.0,2024-03-07 10:24:48,9.0,120.414,32.221,0.03100000000000591,-3.932000000000002,1.0372658033560402,4.0
580,2024-03-26 10:28:48,9.0,2024-03-26 21:39:48,9.0,120.284,2.147,-0.46299999999999386,11.047,-1.1463935013288802,5.0
581,2024-03-26 21:39:48,9.0,2024-03-27 10:24:48,9.0,120.747,-8.9,0.1629999999999967,3.9939999999999998,-1.9485110892405089,5.0
582,2024-03-27 10:24:48,9.0,2024-03-27 21:40:48,9.0,120.584,-12.894,0.5379999999999967,-13.09,-2.238513591831171,5.0
583,2024-03-27 21:40:48,9.0,2024-03-28 10:28:48,9.0,120.046,0.196,-0.7129999999999939,-10.217,-1.2880547137861615,5.0
584,2024-03-28 10:28:48,9.0,2024-03-28 21:34:48,9.0,120.759,10.413,-0.3370000000000033,4.757000000000001,-0.5462030440393426,5.0
585,2024-03-28 21:34:48,9.0,2024-03-29 10:25:48,9.0,121.096,5.656,0.03700000000000614,0.766,-0.891606625617655,5.0
588,2024-03-30 09:57:48,9.0,2024-03-30 21:08:48,9.0,127.735,1.248,1.2870000000000061,-13.724,-1.2116694777507642,5.0
589,2024-03-30 21:08:48,9.0,2024-03-31 10:07:48,9.0,126.448,14.972,-1.713000000000008,-12.177000000000001,-0.2151761513726354,5.0
590,2024-03-31 10:07:48,9.0,2024-03-31 20:54:48,9.0,128.161,27.149,-1.0879999999999939,8.031000000000002,0.6689902166910835,5.0
594,2024-04-02 09:24:48,9.0,2024-04-02 22:33:48,9.0,121.012,-85.141,3.787000000000006,-1.6710000000000065,-7.484335025148038,5.0
597,2024-04-03 21:47:48,9.0,2024-04-04 09:57:48,9.0,122.529,-68.168,-1.5889999999999986,-29.477000000000004,-6.25193330344766,5.0
598,2024-04-04 09:57:48,9.0,2024-04-04 21:34:48,9.0,124.118,-38.691,0.7849999999999966,-12.587000000000003,-4.111621894117428,5.0
599,2024-04-04 21:34:48,9.0,2024-04-05 10:03:48,9.0,123.333,-26.104,-0.8389999999999986,-10.755999999999998,-3.197685614671092,5.0
600,2024-04-05 10:03:48,9.0,2024-04-05 21:27:48,9.0,124.172,-15.348,0.03499999999999659,-0.8960000000000008,-2.4166974028871264,5.0
601,2024-04-05 21:27:48,9.0,2024-04-06 10:03:48,9.0,124.137,-14.452,-0.3400000000000034,-3.8100000000000005,-2.351639255085115,5.0
602,2024-04-06 10:03:48,9.0,2024-04-06 21:24:48,9.0,124.477,-10.642,-0.4649999999999892,4.118,-2.0749969078466513,5.0
603,2024-04-06 21:24:48,9.0,2024-04-07 09:59:48,9.0,124.942,-14.76,0.1599999999999966,1.0570000000000004,-2.374002993392056,5.0
604,2024-04-07 09:59:48,9.0,2024-04-07 21:25:48,9.0,124.782,-15.817,-1.8410000000000082,17.192999999999998,-2.4507512771272415,5.0
605,2024-04-07 21:25:48,9.0,2024-04-08 09:44:48,9.0,126.623,-33.01,-0.840999999999994,-9.000999999999998,-3.6991270976182915,NaN
606,2024-04-08 09:44:48,9.0,2024-04-08 21:18:48,9.0,127.464,-24.009,1.4089999999999918,-12.953000000000001,-3.045568628459916,NaN
607,2024-04-08 21:18:48,9.0,2024-04-09 09:55:48,9.0,126.055,-11.056,0.28300000000000125,2.0290000000000017,-2.1050572573890984,NaN
608,2024-04-09 09:55:48,9.0,2024-04-09 21:20:48,9.0,125.772,-13.085,0.034000000000006025,-0.5920000000000005,-2.252382013963073,NaN
609,2024-04-09 21:20:48,9.0,2024-04-10 09:55:48,9.0,125.738,-12.493,4.784000000000006,36.556,-2.2093971663081726,NaN
610,2024-04-10 09:55:48,9.0,2024-04-10 21:58:48,9.0,120.954,-49.049,0.5319999999999965,-4.856000000000002,-4.863711508998269,NaN
611,2024-04-10 21:58:48,9.0,2024-04-11 09:59:48,9.0,120.422,-44.193,-5.2180000000000035,-39.428999999999995,-4.511119582964153,NaN
612,2024-04-11 09:59:48,9.0,2024-04-11 21:16:48,9.0,125.64,-4.764,-1.0930000000000035,7.523000000000001,-1.6481980319758671,NaN
613,2024-04-11 21:16:48,9.0,2024-04-12 09:50:48,9.0,126.733,-12.287,0.03200000000001069,-0.04100000000000037,-2.1944396010769065,NaN
614,2024-04-12 09:50:48,9.0,2024-04-12 21:16:48,9.0,126.701,-12.246,1.9059999999999917,-12.633000000000001,-2.191462609938645,NaN
615,2024-04-12 21:16:48,9.0,2024-04-13 10:05:48,9.0,124.795,0.387,-1.093999999999994,-6.271000000000001,-1.2741862916542595,NaN
616,2024-04-13 10:05:48,9.0,2024-04-13 21:07:48,9.0,125.889,6.658,-0.5940000000000083,3.4350000000000005,-0.8188518665801378,NaN
617,2024-04-13 21:07:48,9.0,2024-04-14 10:00:48,9.0,126.483,3.223,2.781000000000006,16.914,-1.0682656363345007,NaN
618,2024-04-14 10:00:48,9.0,2024-04-14 21:29:48,9.0,123.702,-13.691,0.5300000000000011,-3.5660000000000007,-2.2963833951773793,NaN
619,2024-04-14 21:29:48,9.0,2024-04-15 10:04:48,9.0,123.172,-10.125,-2.2210000000000036,-12.963000000000001,-2.037457775688571,NaN
620,2024-04-15 10:04:48,9.0,2024-04-15 21:11:48,9.0,125.393,2.838,1.0289999999999964,-5.22,-1.0962203092181773,NaN
621,2024-04-15 21:11:48,9.0,2024-04-16 10:12:48,9.0,124.364,8.058,-1.7209999999999894,-7.745000000000001,-0.7171985106394951,NaN
622,2024-04-16 10:12:48,9.0,2024-04-16 20:57:48,9.0,126.085,15.803,-2.096999999999994,9.857000000000001,-0.1548376236678681,NaN
623,2024-04-16 20:57:48,9.0,2024-04-17 09:55:48,9.0,128.182,5.946,1.2789999999999822,6.582,-0.8705498590299504,NaN
624,2024-04-17 09:55:48,9.0,2024-04-17 21:07:48,9.0,126.903,-0.636,1.277000000000001,-6.361,-1.3484658510308862,NaN
625,2024-04-17 21:07:48,9.0,2024-04-18 10:05:48,9.0,125.626,5.725,-1.097999999999999,-4.918000000000001,-0.8865965673605805,NaN
626,2024-04-18 10:05:48,9.0,2024-04-18 20:58:48,9.0,126.724,10.643,-0.722999999999999,3.391000000000001,-0.5295028498490941,NaN
627,2024-04-18 20:58:48,9.0,2024-04-19 09:59:48,9.0,127.447,7.252,0.15200000000000102,0.806,-0.7757217998453224,NaN
628,2024-04-19 09:59:48,9.0,2024-04-19 20:59:48,9.0,127.295,6.446,0.5259999999999962,-2.216000000000001,-0.8342450890511495,NaN
629,2024-04-19 20:59:48,9.0,2024-04-20 10:03:48,9.0,126.769,8.662,-8.600999999999999,-27.583,-0.6733423485051035,NaN
630,2024-04-20 10:03:48,9.0,2024-04-20 19:50:48,9.0,135.37,36.245,1.2750000000000057,-2.4550000000000054,1.3294465921454304,NaN
631,2024-04-20 19:50:48,9.0,2024-04-21 10:13:48,9.0,134.095,38.7,9.650999999999996,29.493000000000002,1.5077030127413436,NaN
632,2024-04-21 10:13:48,9.0,2024-04-21 21:07:48,9.0,124.444,9.207,-2.475999999999999,10.946000000000002,-0.6337701492282105,NaN
633,2024-04-21 21:07:48,9.0,2024-04-22 09:53:48,9.0,126.92,-1.739,0.02400000000000091,0.10099999999999998,-1.4285541736041214,NaN
634,2024-04-22 09:53:48,9.0,2024-04-22 21:07:48,9.0,126.896,-1.84,0.14799999999999613,-0.671,-1.435887737139839,NaN
635,2024-04-22 21:07:48,9.0,2024-04-23 09:54:48,9.0,126.748,-1.169,-1.8529999999999944,-7.859,-1.3871667358282882,NaN
636,2024-04-23 09:54:48,9.0,2024-04-23 20:52:48,9.0,128.601,6.69,-0.10200000000000387,0.5130000000000008,-0.8165283613014945,NaN
637,2024-04-23 20:52:48,9.0,2024-04-24 09:53:48,9.0,128.703,6.177,0.396000000000015,1.6919999999999993,-0.8537770552997445,NaN
638,2024-04-24 09:53:48,9.0,2024-04-24 20:55:48,9.0,128.307,4.485,0.6469999999999914,-2.4899999999999993,-0.9766323969080069,NaN
639,2024-04-24 20:55:48,9.0,2024-04-25 09:58:48,9.0,127.66,6.975,3.396000000000001,14.111999999999998,-0.795834642413578,NaN
640,2024-04-25 09:58:48,9.0,2024-04-25 21:22:48,9.0,124.264,-7.137,1.394999999999996,-5.946,-1.8205004702952565,NaN
641,2024-04-25 21:22:48,9.0,2024-04-26 10:09:48,9.0,122.869,-1.191,-1.730000000000004,-6.85,-1.3887641457073554,NaN
642,2024-04-26 10:09:48,9.0,2024-04-26 21:08:48,9.0,124.599,5.659,1.1440000000000055,-4.142,-0.8913887969977823,NaN
643,2024-04-26 21:08:48,9.0,2024-04-27 10:18:48,9.0,123.455,9.801,-0.23199999999999932,-0.6989999999999998,-0.590640082493395,NaN
644,2024-04-27 10:18:48,9.0,2024-04-27 21:06:48,9.0,123.687,10.5,-1.3569999999999993,5.006,-0.5398860140630313,NaN
645,2024-04-27 21:06:48,9.0,2024-04-28 10:07:48,9.0,125.044,5.494,3.8930000000000007,15.243,-0.9033693710907865,NaN
646,2024-04-28 10:07:48,9.0,2024-04-28 21:37:48,9.0,121.151,-9.749,-2.233000000000004,8.847,-2.0101565886645125,NaN
647,2024-04-28 21:37:48,9.0,2024-04-29 09:49:48,9.0,123.384,-18.596,-1.9839999999999947,-8.047,-2.652533188669417,NaN
648,2024-04-29 09:49:48,9.0,2024-04-29 21:21:48,9.0,125.368,-10.549,2.391999999999996,-9.324,-2.068244220630594,NaN
649,2024-04-29 21:21:48,9.0,2024-04-30 10:08:48,9.0,122.976,-1.225,0.14000000000000057,0.5269999999999999,-1.391232870065914,NaN
650,2024-04-30 10:08:48,9.0,2024-04-30 21:22:48,9.0,122.836,-1.752,1.3900000000000006,-5.05,-1.42949809762357,NaN
651,2024-04-30 21:22:48,9.0,2024-05-01 10:19:48,9.0,121.446,3.298,-2.736000000000004,-9.104,-1.0628199208376803,NaN
652,2024-05-01 10:19:48,9.0,2024-05-01 21:00:48,9.0,124.182,12.402,0.5139999999999958,-1.4620000000000015,-0.4017826690636724,NaN
653,2024-05-01 21:00:48,9.0,2024-05-02 10:23:48,9.0,123.668,13.864,-0.23699999999999477,-0.5789999999999988,-0.29562752164565825,NaN
654,2024-05-02 10:23:48,9.0,2024-05-02 20:58:48,9.0,123.905,14.443,-0.48799999999999955,1.6050000000000004,-0.25358659801020683,NaN
655,2024-05-02 20:58:48,9.0,2024-05-03 10:19:48,9.0,124.393,12.838,0.8870000000000005,2.860999999999999,-0.37012490964215794,NaN
656,2024-05-03 10:19:48,9.0,2024-05-03 21:05:48,9.0,123.506,9.977,-1.9879999999999995,6.542,-0.577860803460857,NaN
657,2024-05-03 21:05:48,9.0,2024-05-04 10:03:48,9.0,125.494,3.435,8.885999999999996,30.849999999999998,-1.0528724138634888,NaN
658,2024-05-04 10:03:48,9.0,2024-05-04 22:16:48,9.0,116.608,-27.415,-2.489999999999995,7.420999999999999,-3.292876721555509,NaN
659,2024-05-04 22:16:48,9.0,2024-05-05 09:43:48,9.0,119.098,-34.836,-9.866,-33.104,-3.831712117580872,NaN
660,2024-05-05 09:43:48,9.0,2024-05-05 20:57:48,9.0,128.964,-1.732,3.135000000000005,-10.112,-1.428045906824418,NaN
661,2024-05-05 20:57:48,9.0,2024-05-06 10:08:48,9.0,125.829,8.38,1.1329999999999956,3.604000000000001,-0.6938182387731473,NaN
662,2024-05-06 10:08:48,9.0,2024-05-06 21:06:48,9.0,124.696,4.776,1.8829999999999956,-5.6739999999999995,-0.9555030207803447,NaN
663,2024-05-06 21:06:48,9.0,2024-05-07 10:23:48,9.0,122.813,10.45,-1.742999999999995,-4.819000000000001,-0.5435164910609114,NaN
664,2024-05-07 10:23:48,9.0,2024-05-07 20:52:48,9.0,124.556,15.269,-0.6180000000000092,1.8160000000000007,-0.1936111180052276,NaN
665,2024-05-07 20:52:48,9.0,2024-05-08 10:18:48,9.0,125.174,13.453,1.6310000000000002,4.756,-0.32547004256823275,NaN
666,2024-05-08 10:18:48,9.0,2024-05-08 21:05:48,9.0,123.543,8.697,0.006000000000000227,0.06400000000000006,-0.6708010146065876,NaN
667,2024-05-08 21:05:48,9.0,2024-05-09 10:18:48,9.0,123.537,8.633,-2.2449999999999903,-6.157,-0.6754480251638741,NaN
668,2024-05-09 10:18:48,9.0,2024-05-09 20:47:48,9.0,125.782,14.79,0.7539999999999907,-1.8440000000000012,-0.22839108764491897,NaN
669,2024-05-09 20:47:48,9.0,2024-05-10 10:24:48,9.0,125.028,16.634,3.754000000000005,10.411000000000001,-0.09449909596310092,NaN
670,2024-05-10 10:24:48,9.0,2024-05-10 21:17:48,9.0,121.274,6.223,-8.871999999999986,27.534,-0.8504370164616948,NaN
671,2024-05-10 21:17:48,9.0,2024-05-11 09:13:48,9.0,130.146,-21.311,-3.747000000000014,-11.793,-2.8496680896543065,NaN
672,2024-05-11 09:13:48,9.0,2024-05-11 20:47:48,9.0,133.893,-9.518,9.501999999999995,-27.215,-1.9933837849343068,NaN
673,2024-05-11 20:47:48,9.0,2024-05-12 10:29:48,9.0,124.391,17.697,-2.3739999999999952,-5.346,-0.017315154988170156,NaN
674,2024-05-12 10:29:48,9.0,2024-05-12 20:28:48,9.0,126.765,23.043,1.1260000000000048,-2.2379999999999995,0.3708554456251698,NaN
675,2024-05-12 20:28:48,9.0,2024-05-13 10:38:48,9.0,125.639,25.281,0.0,0.14699999999999847,0.5333555960502829,NaN
676,2024-05-13 10:38:48,9.0,2024-05-13 20:28:48,9.0,125.639,25.134,0.0,0.14499999999999957,0.5226819936765155,NaN
677,2024-05-13 20:28:48,9.0,2024-05-14 10:38:48,9.0,125.639,24.989,-0.12600000000000477,-0.11400000000000077,0.5121536103826633,NaN
678,2024-05-14 10:38:48,9.0,2024-05-14 20:27:48,9.0,125.765,25.103,-0.6269999999999953,1.424000000000003,0.5204310979378299,NaN
679,2024-05-14 20:27:48,9.0,2024-05-15 10:33:48,9.0,126.392,23.679,0.12299999999999045,0.3879999999999981,0.41703511303820456,NaN
680,2024-05-15 10:33:48,9.0,2024-05-15 20:28:48,9.0,126.269,23.291,0.6219999999999999,-1.1439999999999984,0.3888626115346552,NaN
681,2024-05-15 20:28:48,9.0,2024-05-16 10:38:48,9.0,125.647,24.435,-0.6280000000000001,-1.1159999999999997,0.4719279252461516,NaN
682,2024-05-16 10:38:48,9.0,2024-05-16 20:23:48,9.0,126.275,25.551,-0.12899999999999068,0.3839999999999968,0.5529601718388354,NaN
683,2024-05-16 20:23:48,9.0,2024-05-17 10:37:48,9.0,126.404,25.167,-0.005000000000009663,0.12100000000000222,0.5250781084951165,NaN
684,2024-05-17 10:37:48,9.0,2024-05-17 20:23:48,9.0,126.409,25.046,0.12000000000000455,-0.10600000000000165,0.5162923541602464,NaN
685,2024-05-17 20:23:48,9.0,2024-05-18 10:38:48,9.0,126.289,25.152,-0.0049999999999954525,0.11400000000000077,0.5239889653957523,NaN
686,2024-05-18 10:38:48,9.0,2024-05-18 20:23:48,9.0,126.294,25.038,-1.1310000000000002,2.3599999999999994,0.5157114778405857,NaN
687,2024-05-18 20:23:48,9.0,2024-05-19 10:29:48,9.0,127.425,22.678,0.492999999999995,1.1219999999999999,0.3443529635406452,NaN
688,2024-05-19 10:29:48,9.0,2024-05-19 20:27:48,9.0,126.932,21.556,1.4920000000000044,-2.8659999999999997,0.26288505970821585,NaN
689,2024-05-19 20:27:48,9.0,2024-05-20 10:41:48,9.0,125.44,24.422,-1.132000000000005,-2.012999999999998,0.470984001226703,NaN
690,2024-05-20 10:41:48,9.0,2024-05-20 20:18:48,9.0,126.572,26.435,19.99000000000001,-23.567000000000004,0.6171470051613556,NaN
691,2024-05-20 20:18:48,9.0,2024-05-21 13:21:48,9.0,106.582,50.002,23.364999999999995,30.442000000000004,2.3283360333421603,NaN
195,NaN,NaN,NaN,NaN,NaN,NaN,NaN,NaN,NaN,10.0
196,NaN,NaN,NaN,NaN,NaN,NaN,NaN,NaN,NaN,10.0
197,NaN,NaN,NaN,NaN,NaN,NaN,NaN,NaN,NaN,10.0
198,NaN,NaN,NaN,NaN,NaN,NaN,NaN,NaN,NaN,10.0
199,NaN,NaN,NaN,NaN,NaN,NaN,NaN,NaN,NaN,10.0
200,NaN,NaN,NaN,NaN,NaN,NaN,NaN,NaN,NaN,10.0
201,NaN,NaN,NaN,NaN,NaN,NaN,NaN,NaN,NaN,10.0
202,NaN,NaN,NaN,NaN,NaN,NaN,NaN,NaN,NaN,10.0
203,NaN,NaN,NaN,NaN,NaN,NaN,NaN,NaN,NaN,10.0
204,NaN,NaN,NaN,NaN,NaN,NaN,NaN,NaN,NaN,10.0
205,NaN,NaN,NaN,NaN,NaN,NaN,NaN,NaN,NaN,10.0
206,NaN,NaN,NaN,NaN,NaN,NaN,NaN,NaN,NaN,10.0
207,NaN,NaN,NaN,NaN,NaN,NaN,NaN,NaN,NaN,10.0
208,NaN,NaN,NaN,NaN,NaN,NaN,NaN,NaN,NaN,10.0
209,NaN,NaN,NaN,NaN,NaN,NaN,NaN,NaN,NaN,10.0
210,NaN,NaN,NaN,NaN,NaN,NaN,NaN,NaN,NaN,10.0
211,NaN,NaN,NaN,NaN,NaN,NaN,NaN,NaN,NaN,10.0
212,NaN,NaN,NaN,NaN,NaN,NaN,NaN,NaN,NaN,10.0
213,NaN,NaN,NaN,NaN,NaN,NaN,NaN,NaN,NaN,10.0
214,NaN,NaN,NaN,NaN,NaN,NaN,NaN,NaN,NaN,10.0
215,NaN,NaN,NaN,NaN,NaN,NaN,NaN,NaN,NaN,10.0
216,NaN,NaN,NaN,NaN,NaN,NaN,NaN,NaN,NaN,10.0
217,NaN,NaN,NaN,NaN,NaN,NaN,NaN,NaN,NaN,10.0
218,NaN,NaN,NaN,NaN,NaN,NaN,NaN,NaN,NaN,10.0
219,NaN,NaN,NaN,NaN,NaN,NaN,NaN,NaN,NaN,10.0
220,NaN,NaN,NaN,NaN,NaN,NaN,NaN,NaN,NaN,10.0
221,NaN,NaN,NaN,NaN,NaN,NaN,NaN,NaN,NaN,10.0
222,NaN,NaN,NaN,NaN,NaN,NaN,NaN,NaN,NaN,10.0
223,NaN,NaN,NaN,NaN,NaN,NaN,NaN,NaN,NaN,10.0
224,NaN,NaN,NaN,NaN,NaN,NaN,NaN,NaN,NaN,10.0
225,NaN,NaN,NaN,NaN,NaN,NaN,NaN,NaN,NaN,10.0
226,NaN,NaN,NaN,NaN,NaN,NaN,NaN,NaN,NaN,10.0
227,NaN,NaN,NaN,NaN,NaN,NaN,NaN,NaN,NaN,10.0
228,NaN,NaN,NaN,NaN,NaN,NaN,NaN,NaN,NaN,10.0
229,NaN,NaN,NaN,NaN,NaN,NaN,NaN,NaN,NaN,10.0
230,NaN,NaN,NaN,NaN,NaN,NaN,NaN,NaN,NaN,10.0
231,NaN,NaN,NaN,NaN,NaN,NaN,NaN,NaN,NaN,10.0
232,NaN,NaN,NaN,NaN,NaN,NaN,NaN,NaN,NaN,10.0
233,NaN,NaN,NaN,NaN,NaN,NaN,NaN,NaN,NaN,10.0
234,NaN,NaN,NaN,NaN,NaN,NaN,NaN,NaN,NaN,10.0
235,NaN,NaN,NaN,NaN,NaN,NaN,NaN,NaN,NaN,10.0
236,NaN,NaN,NaN,NaN,NaN,NaN,NaN,NaN,NaN,10.0
542,NaN,NaN,NaN,NaN,NaN,NaN,NaN,NaN,NaN,4.0
543,NaN,NaN,NaN,NaN,NaN,NaN,NaN,NaN,NaN,4.0
544,NaN,NaN,NaN,NaN,NaN,NaN,NaN,NaN,NaN,4.0
545,NaN,NaN,NaN,NaN,NaN,NaN,NaN,NaN,NaN,4.0
546,NaN,NaN,NaN,NaN,NaN,NaN,NaN,NaN,NaN,4.0
547,NaN,NaN,NaN,NaN,NaN,NaN,NaN,NaN,NaN,4.0
548,NaN,NaN,NaN,NaN,NaN,NaN,NaN,NaN,NaN,4.0
549,NaN,NaN,NaN,NaN,NaN,NaN,NaN,NaN,NaN,4.0
550,NaN,NaN,NaN,NaN,NaN,NaN,NaN,NaN,NaN,4.0
551,NaN,NaN,NaN,NaN,NaN,NaN,NaN,NaN,NaN,4.0
552,NaN,NaN,NaN,NaN,NaN,NaN,NaN,NaN,NaN,4.0
553,NaN,NaN,NaN,NaN,NaN,NaN,NaN,NaN,NaN,4.0
554,NaN,NaN,NaN,NaN,NaN,NaN,NaN,NaN,NaN,4.0
555,NaN,NaN,NaN,NaN,NaN,NaN,NaN,NaN,NaN,4.0
556,NaN,NaN,NaN,NaN,NaN,NaN,NaN,NaN,NaN,4.0
557,NaN,NaN,NaN,NaN,NaN,NaN,NaN,NaN,NaN,4.0
558,NaN,NaN,NaN,NaN,NaN,NaN,NaN,NaN,NaN,4.0
559,NaN,NaN,NaN,NaN,NaN,NaN,NaN,NaN,NaN,4.0
560,NaN,NaN,NaN,NaN,NaN,NaN,NaN,NaN,NaN,4.0
561,NaN,NaN,NaN,NaN,NaN,NaN,NaN,NaN,NaN,4.0
562,NaN,NaN,NaN,NaN,NaN,NaN,NaN,NaN,NaN,4.0
563,NaN,NaN,NaN,NaN,NaN,NaN,NaN,NaN,NaN,4.0
564,NaN,NaN,NaN,NaN,NaN,NaN,NaN,NaN,NaN,4.0
565,NaN,NaN,NaN,NaN,NaN,NaN,NaN,NaN,NaN,5.0
566,NaN,NaN,NaN,NaN,NaN,NaN,NaN,NaN,NaN,5.0
567,NaN,NaN,NaN,NaN,NaN,NaN,NaN,NaN,NaN,5.0
568,NaN,NaN,NaN,NaN,NaN,NaN,NaN,NaN,NaN,5.0
569,NaN,NaN,NaN,NaN,NaN,NaN,NaN,NaN,NaN,5.0
570,NaN,NaN,NaN,NaN,NaN,NaN,NaN,NaN,NaN,5.0
571,NaN,NaN,NaN,NaN,NaN,NaN,NaN,NaN,NaN,5.0
572,NaN,NaN,NaN,NaN,NaN,NaN,NaN,NaN,NaN,5.0
573,NaN,NaN,NaN,NaN,NaN,NaN,NaN,NaN,NaN,5.0
574,NaN,NaN,NaN,NaN,NaN,NaN,NaN,NaN,NaN,5.0
575,NaN,NaN,NaN,NaN,NaN,NaN,NaN,NaN,NaN,5.0
576,NaN,NaN,NaN,NaN,NaN,NaN,NaN,NaN,NaN,5.0
577,NaN,NaN,NaN,NaN,NaN,NaN,NaN,NaN,NaN,5.0
578,NaN,NaN,NaN,NaN,NaN,NaN,NaN,NaN,NaN,5.0
579,NaN,NaN,NaN,NaN,NaN,NaN,NaN,NaN,NaN,5.0
586,NaN,NaN,NaN,NaN,NaN,NaN,NaN,NaN,NaN,5.0
587,NaN,NaN,NaN,NaN,NaN,NaN,NaN,NaN,NaN,5.0
591,NaN,NaN,NaN,NaN,NaN,NaN,NaN,NaN,NaN,5.0
592,NaN,NaN,NaN,NaN,NaN,NaN,NaN,NaN,NaN,5.0
593,NaN,NaN,NaN,NaN,NaN,NaN,NaN,NaN,NaN,5.0
595,NaN,NaN,NaN,NaN,NaN,NaN,NaN,NaN,NaN,5.0
596,NaN,NaN,NaN,NaN,NaN,NaN,NaN,NaN,NaN,5.0
