,First,Longitude,Latitude,Longitude_difference,Latitude_difference,distance(km)
0,2023-06-08 20:18:48,126.214,25.105,-0.1490000000000009,-0.2010000000000005,26.911825611512775
1,2023-06-09 10:49:48,126.363,25.306,-0.025000000000005684,0.08300000000000196,9.565447650540586
2,2023-06-09 20:17:48,126.388,25.223,1.3500000000000085,2.308,290.93757447697817
3,2023-06-10 10:49:48,125.038,22.915,-1.2750000000000057,2.283999999999999,342.1969306017949
4,2023-06-11 10:39:48,128.213,23.906,1.0989999999999895,-1.7729999999999997,226.2158007848386
5,2023-06-11 20:13:48,127.114,25.679,0.5990000000000038,1.0079999999999991,127.26482469108832
6,2023-06-12 10:48:48,126.515,24.671,0.09900000000000375,-0.13100000000000023,17.667705069034483
7,2023-06-12 20:18:48,126.416,24.802,0.5990000000000038,1.0210000000000008,128.74182672063847
8,2023-06-13 10:49:48,125.817,23.781,0.47399999999998954,-0.7590000000000003,97.1359022879141
9,2023-06-13 20:23:48,125.343,24.54,-0.6509999999999962,-1.0310000000000024,132.0711896740309
10,2023-06-14 10:53:48,125.994,25.571,0.09799999999999898,-0.13299999999999912,17.754680216621473
11,2023-06-14 20:18:48,125.896,25.704,-1.2759999999999962,-1.9619999999999997,252.31742406294777
12,2023-06-15 10:54:48,127.172,27.666,-0.652000000000001,1.022000000000002,130.67282230000308
13,2023-06-15 20:08:48,127.824,26.644,1.222999999999999,1.9669999999999987,250.72238541704473
14,2023-06-16 10:49:48,126.601,24.677,-0.902000000000001,1.5109999999999992,191.4003237861866
15,2023-06-16 20:18:48,127.503,23.166,0.597999999999999,1.033999999999999,130.3268021263135
16,2023-06-17 10:42:48,126.905,22.132,0.09799999999999898,-0.1559999999999988,20.06682345202853
17,2023-06-17 20:23:48,126.807,22.288,-0.777000000000001,-1.3039999999999985,165.39258960827763
18,2023-06-18 10:43:48,127.584,23.592,0.09799999999999898,-0.15300000000000225,19.724248436946382
19,2023-06-18 20:17:48,127.486,23.745,0.2220000000000084,0.37900000000000134,47.83367586270179
20,2023-06-19 10:44:48,127.264,23.366,-0.277000000000001,0.4720000000000013,59.63953423477929
21,2023-06-19 20:19:48,127.541,22.894,-0.7770000000000152,-1.2900000000000027,163.85695773224103
22,2023-06-20 10:42:48,128.318,24.184,2.473000000000013,-3.8709999999999987,359.64143129293996
23,2023-06-24 10:51:48,125.285,22.538,-1.0260000000000105,1.774000000000001,223.95071071612097
24,2023-06-24 20:30:48,126.311,20.764,0.2230000000000132,0.384999999999998,48.69956517782007
25,2023-06-25 10:43:48,126.088,20.379,0.722999999999999,-1.2899999999999991,161.8839675409159
26,2023-06-25 20:32:48,125.365,21.669,0.22399999999998954,0.3760000000000012,265.4593809375664
27,2023-06-29 10:50:48,124.045,19.626,0.8500000000000085,-1.5559999999999974,316.3253330357787
28,2023-07-08 10:48:48,125.824,21.934,0.7309999999999945,-1.3639999999999972,169.21374505239314
29,2023-07-08 20:34:48,125.093,23.298,0.23100000000000875,0.347999999999999,45.33629517778027
30,2023-07-09 10:54:48,124.862,22.95,0.23199999999999932,-0.4740000000000002,57.795211367969166
31,2023-07-09 20:36:48,124.63,23.424,-0.8930000000000007,-1.6170000000000009,201.31274715301097
32,2023-07-10 10:56:48,125.523,25.041,-0.5170000000000101,0.8249999999999993,483.2824855302238
33,2023-07-12 20:31:48,127.48,21.085,0.9849999999999994,1.833000000000002,228.2795232802699
34,2023-07-13 10:39:48,126.495,19.252,1.1110000000000042,-2.216000000000001,272.26575207584096
35,2023-07-13 20:39:48,125.384,21.468,-0.1389999999999958,-0.33800000000000097,40.23629284717226
36,2023-07-14 10:48:48,125.523,21.806,0.23699999999999477,-0.5229999999999997,63.07499898770279
37,2023-07-14 20:38:48,125.286,22.329,-1.5130000000000052,-2.8339999999999996,350.7295312967831
38,2023-07-15 10:50:48,126.799,25.163,0.9879999999999995,-1.7989999999999995,223.0561748625748
39,2023-07-15 20:26:48,125.811,26.962,-0.6369999999999862,-1.1600000000000001,143.4625722926085
40,2023-07-16 10:58:48,126.448,28.122,-0.7610000000000099,1.184000000000001,151.53638134958015
41,2023-07-16 20:21:48,127.209,26.938,1.3640000000000043,2.3099999999999987,290.90261346772775
42,2023-07-17 10:52:48,125.845,24.628,-0.2600000000000051,0.3810000000000002,49.87573338765346
43,2023-07-17 20:32:48,126.105,24.247,-0.3849999999999909,-0.7989999999999995,96.99140822121637
44,2023-07-18 10:50:48,126.49,25.046,1.3659999999999997,-2.5120000000000005,310.7357753981934
45,2023-07-18 20:29:48,125.124,27.558,0.9909999999999997,1.6329999999999991,206.53036061445158
46,2023-07-19 11:01:48,124.133,25.925,-1.0080000000000098,1.7469999999999999,219.19187551574726
47,2023-07-19 20:37:48,125.141,24.178,-1.5069999999999908,-2.847999999999999,265.8533340955716
48,2023-07-22 10:50:48,126.671,26.127,-1.5049999999999812,2.7489999999999988,263.99158928361817
49,2023-07-24 20:41:48,124.312,25.073,-0.0010000000000047748,-0.1280000000000001,14.233306585264728
50,2023-07-25 10:56:48,124.313,25.201,-1.2509999999999906,2.3790000000000013,293.46182691750874
51,2023-07-25 20:41:48,125.564,22.822,-0.75,-1.6460000000000008,198.32893263463413
52,2023-07-26 10:46:48,126.314,24.468,1.0009999999999906,-2.0889999999999986,253.0725535691891
53,2023-07-26 20:35:48,125.313,26.557,-0.9989999999999952,-2.0060000000000002,189.29055230695167
54,2023-07-28 20:41:48,124.93,24.89,0.1290000000000049,0.12300000000000111,18.882151126877886
55,2023-07-29 10:51:48,124.801,24.767,0.0040000000000048885,-0.15200000000000102,16.90644751075181
56,2023-07-29 20:42:48,124.797,24.919,0.6299999999999955,1.1799999999999997,145.91203293819132
57,2023-07-30 10:51:48,124.167,23.739,-0.6189999999999998,1.2029999999999994,147.98497492286708
58,2023-07-30 20:47:48,124.786,22.536,-0.24399999999999977,-0.6769999999999996,79.32090579398192
59,2023-07-31 10:46:48,125.03,23.213,0.257000000000005,-0.7079999999999984,82.96911235856747
60,2023-07-31 20:45:48,124.773,23.921,-0.3680000000000092,-0.9430000000000014,111.2822555125044
61,2023-08-01 10:48:48,125.141,24.864,0.13300000000000978,-0.44099999999999895,50.833293824590164
62,2023-08-01 20:42:48,125.008,25.305,-0.7409999999999997,-1.716000000000001,204.6388074662654
63,2023-08-02 10:49:48,125.749,27.021,-1.2409999999999997,2.4800000000000004,610.3033425042814
64,2023-08-03 10:39:48,125.604,21.534,-1.1149999999999949,2.571999999999999,308.7384677515866
65,2023-08-03 20:47:48,126.719,18.962,-0.8640000000000043,-2.2749999999999986,601.9690244944491
66,2023-08-04 20:40:48,126.321,24.363,0.262999999999991,0.43400000000000105,55.14531938518733
67,2023-08-05 10:40:48,126.058,23.929,-0.36199999999999477,0.6789999999999985,84.03106527190376
68,2023-08-05 20:42:48,126.42,23.25,-0.4860000000000042,-1.314,154.23612276352947
69,2023-08-06 10:37:48,126.906,24.564,0.63900000000001,-1.6449999999999996,362.7292064296472
70,2023-08-09 20:52:48,124.917,21.862,-0.8569999999999993,-2.3810000000000002,278.89444702721755
71,2023-08-10 10:38:48,125.774,24.243,-0.480000000000004,1.029,124.41536347831607
72,2023-08-10 20:45:48,126.254,23.214,0.7690000000000055,1.8490000000000002,220.29571731136093
73,2023-08-11 10:34:48,125.485,21.365,-0.6039999999999992,1.4909999999999997,177.3071924112333
74,2023-08-11 20:51:48,126.089,19.874,0.3960000000000008,0.9549999999999983,114.02446548410377
75,2023-08-12 10:29:48,125.693,18.919,0.5219999999999914,-1.6829999999999998,194.94987568495927
76,2023-08-12 20:54:48,125.171,20.602,-0.35299999999999443,-1.189,137.1820078278375
77,2023-08-13 10:33:48,125.524,21.791,-0.8529999999999944,2.2570000000000014,266.1938494743326
78,2023-08-13 20:51:48,126.377,19.534,0.02400000000000091,-0.12100000000000222,13.68746707851484
79,2023-08-14 10:26:48,126.353,19.655,0.2740000000000009,-1.0109999999999992,115.9991058645256
80,2023-08-14 20:51:48,126.079,20.666,0.6489999999999867,1.7630000000000017,207.463371096074
81,2023-08-15 10:28:48,125.43,18.903,-0.3499999999999943,0.9049999999999976,107.18936884521563
82,2023-08-15 20:56:48,125.78,17.998,-0.3499999999999943,-1.2970000000000006,148.85923396670617
83,2023-08-16 10:25:48,126.13,19.295,0.027000000000001023,-0.2859999999999978,31.927520642147705
84,2023-08-16 20:53:48,126.103,19.581,0.6509999999999962,1.8979999999999997,796.5689719529671
85,2023-08-24 21:01:48,122.868,26.096,0.4099999999999966,1.0719999999999992,126.09645001237092
86,2023-08-25 10:39:48,122.458,25.024,-0.3410000000000082,0.8840000000000003,1124.7209199514764
87,2023-10-10 21:35:48,120.272,34.961,-0.09199999999999875,2.3470000000000013,261.11290449266005
88,2023-10-11 09:55:48,120.364,32.614,-0.09199999999999875,0.26599999999999824,30.811036623432656
89,2023-10-11 21:34:48,120.456,32.348,-0.09399999999999409,2.0239999999999974,225.23549525728416
90,2023-10-12 09:54:48,120.55,30.324,-0.09300000000000352,0.13500000000000156,797.6502059205176
91,2023-10-16 09:52:48,120.94,23.159,-0.22400000000000375,-1.0370000000000026,117.54366956482971
92,2023-10-16 21:30:48,121.164,24.196,-0.09900000000000375,1.2420000000000009,138.47214229692622
93,2023-10-17 09:50:48,121.263,22.954,0.15100000000001046,1.524000000000001,355.91931735097745
94,2023-10-18 09:51:48,120.337,26.042,-0.2259999999999991,-0.8759999999999977,99.97011316244857
95,2023-10-18 21:35:48,120.563,26.918,-0.47700000000000387,3.5189999999999984,723.3099364658625
96,2023-10-23 21:32:48,120.734,20.415,0.3919999999999959,-1.6709999999999994,190.1954933203613
97,2023-10-24 09:49:48,120.342,22.086,-0.35899999999999466,-1.4430000000000014,164.6193923109715
98,2023-10-24 21:35:48,120.701,23.529,-0.11000000000001364,0.8979999999999997,100.48504025352054
99,2023-10-25 09:46:48,120.811,22.631,0.26400000000001,1.615000000000002,182.03110961347764
100,2023-10-27 21:34:48,120.748,20.995,0.13500000000000512,-0.3200000000000003,38.237356136419386
101,2023-10-28 09:46:48,120.613,21.315,-0.23999999999999488,-0.7719999999999985,89.35171682948005
102,2023-10-28 21:35:48,120.853,22.087,-0.11599999999999966,0.786999999999999,88.32728757933184
103,2023-10-29 09:44:48,120.969,21.3,-0.24200000000000443,-0.7579999999999991,87.91681596681363
104,2023-10-29 21:34:48,121.211,22.058,0.007000000000005002,0.245000000000001,27.25232310519779
105,2023-10-30 09:42:48,121.204,21.813,0.006000000000000227,0.29199999999999804,32.4748381199322
106,2023-10-30 21:34:48,121.198,21.521,0.7560000000000002,-2.789999999999999,319.74744062271327
107,2023-10-31 09:42:48,120.442,24.311,0.5039999999999907,2.2929999999999993,260.12278384889163
108,2023-10-31 21:40:48,119.938,22.018,0.2540000000000049,-0.7459999999999987,313.8549891503357
109,2023-11-02 09:44:48,120.929,19.352,0.12600000000000477,0.6960000000000015,78.51718641817702
110,2023-11-02 21:34:48,120.803,18.656,0.0,0.19599999999999795,21.794205622333283
111,2023-11-03 09:45:48,120.803,18.46,0.125,0.6620000000000026,74.78683394323812
112,2023-11-03 21:34:48,120.678,17.798,-0.3760000000000048,1.5899999999999999,181.2639724775554
113,2023-11-04 09:46:48,121.054,16.208,-0.3780000000000001,-1.238000000000003,143.41765169188997
114,2023-11-04 21:31:48,121.432,17.446,0.2469999999999999,-0.7299999999999969,85.28005166513765
115,2023-11-05 09:43:48,121.185,18.176,-0.7539999999999907,-2.5260000000000034,291.7910617457002
116,2023-11-05 21:33:48,121.939,20.702,0.36999999999999034,-1.0989999999999966,271.0331634791261
117,2023-11-06 21:36:48,120.7,18.562,0.3689999999999998,-1.1080000000000005,129.15937201445234
118,2023-11-07 09:44:48,120.331,19.67,-0.38299999999999557,-1.1289999999999978,131.74496351165467
119,2023-11-07 21:39:48,120.714,20.799,-0.13299999999999557,0.6359999999999992,72.06419139142524
120,2023-11-08 09:41:48,120.847,20.163,0.11499999999999488,0.5640000000000001,63.85643487606186
121,2023-11-08 21:38:48,120.732,19.599,-0.3850000000000051,1.4520000000000017,185.1471845254455
122,2023-11-11 09:42:48,121.042,17.96,-0.1389999999999958,-0.3059999999999974,37.06136989801111
123,2023-11-11 21:36:48,121.181,18.266,0.35899999999999466,-0.9920000000000009,116.60145302981847
124,2023-11-12 09:41:48,120.822,19.258,-0.015999999999991132,0.09399999999999764,10.586482419853636
125,2023-11-12 21:39:48,120.838,19.164,0.6069999999999993,-1.7240000000000002,201.915488301504
126,2023-11-13 09:41:48,120.231,20.888,-0.3930000000000007,-1.0329999999999977,121.85674453054762
127,2023-11-13 21:44:48,120.624,21.921,-0.14400000000000546,0.588000000000001,67.05552144394973
128,2023-11-14 09:38:48,120.768,21.333,0.730000000000004,2.3359999999999985,270.69460185359065
129,2023-11-14 21:43:48,120.038,18.997,-0.1460000000000008,0.5680000000000014,65.00346622272711
130,2023-11-15 09:44:48,120.184,18.429,-0.27200000000000557,-0.6820000000000022,81.06155384141461
131,2023-11-15 21:42:48,120.456,19.111,-0.14799999999999613,0.5620000000000012,64.40345841152866
132,2023-11-16 09:42:48,120.604,18.549,-0.27299999999999613,-0.6780000000000008,80.67586432430001
133,2023-11-16 21:41:48,120.877,19.227,0.4749999999999943,-1.2459999999999987,147.18593642937986
134,2023-11-17 09:40:48,120.402,20.473,0.09999999999999432,0.4139999999999979,47.201710869166575
135,2023-11-17 21:45:48,120.302,20.059,-0.026999999999986812,0.19900000000000162,22.307003006903177
136,2023-11-18 09:41:48,120.329,19.86,-0.15200000000000102,-0.30700000000000216,37.65007928952175
137,2023-11-18 21:45:48,120.481,20.167,-0.028000000000005798,0.19900000000000162,22.320202223103987
138,2023-11-19 09:40:48,120.509,19.968,0.22100000000000364,0.7330000000000005,84.72968784855522
139,2023-11-19 21:45:48,120.288,19.235,0.09600000000000364,-0.15300000000000225,19.77178535038792
140,2023-11-20 09:42:48,120.192,19.388,-0.5310000000000059,-1.3419999999999987,159.19676466190558
141,2023-11-20 21:46:48,120.723,20.73,-0.1560000000000059,0.5390000000000015,62.09846706341343
142,2023-11-21 09:38:48,120.879,20.191,0.3430000000000035,1.036999999999999,120.7722805583951
143,2023-11-21 21:45:48,120.536,19.154,0.21699999999999875,-0.4819999999999993,58.2283413653028
144,2023-11-22 09:41:48,120.319,19.636,-0.2839999999999918,-0.6550000000000011,78.64853731928706
145,2023-11-22 21:47:48,120.603,20.291,-0.1600000000000108,0.527000000000001,60.93707630693622
146,2023-11-23 09:39:48,120.763,19.764,0.09000000000000341,0.3359999999999985,38.53266881593152
147,2023-11-23 21:46:48,120.673,19.428,-0.16199999999999193,0.5199999999999996,60.272830521346336
148,2023-11-24 09:40:48,120.835,18.908,-0.03700000000000614,-0.006999999999997897,3.9691957659042107
149,2023-11-24 21:45:48,120.872,18.915,-0.6620000000000061,1.8269999999999982,214.87604738527705
150,2023-11-25 09:40:48,121.534,17.088,0.08600000000001273,0.3049999999999997,35.12658265162821
151,2023-11-25 21:40:48,121.448,16.783,1.0849999999999937,-2.7379999999999995,325.31578556717386
152,2023-11-26 09:41:48,120.363,19.521,0.20999999999999375,0.6230000000000011,72.69923662627455
153,2023-11-26 21:49:48,120.153,18.898,-0.04099999999999682,0.18599999999999994,21.12771730772818
154,2023-11-27 09:43:48,120.194,18.712,0.3329999999999984,0.9289999999999985,109.12154144801764
155,2023-11-27 21:49:48,119.861,17.783,0.7079999999999984,-1.718,205.07925120766322
156,2023-11-28 09:46:48,119.153,19.501,-0.41799999999999216,-0.9649999999999999,115.85301869951593
157,2023-11-28 21:55:48,119.571,20.466,-0.6689999999999969,1.7460000000000022,206.40682626846268
158,2023-11-29 09:43:48,120.24,18.72,0.0799999999999983,0.2729999999999997,31.5054680601191
159,2023-11-29 21:50:48,120.16,18.447,-0.6700000000000017,1.7449999999999974,206.6238958953355
160,2023-11-30 09:44:48,120.83,16.702,-0.9200000000000017,-2.229999999999997,266.4024749176105
161,2023-11-30 21:45:48,121.75,18.932,0.953000000000003,-2.2560000000000002,269.87962787609774
162,2023-12-01 09:37:48,120.797,21.188,0.7019999999999982,1.7759999999999998,210.61429727760623
163,2023-12-01 21:53:48,120.095,19.412,-0.2980000000000018,0.791999999999998,93.47243205643892
164,2023-12-02 09:43:48,120.393,18.62,0.07699999999999818,0.2469999999999999,28.640252099388995
165,2023-12-02 21:51:48,120.316,18.373,-0.17399999999999238,0.48200000000000287,56.66225021808391
166,2023-12-03 09:44:48,120.49,17.891,-0.30000000000001137,-0.6710000000000029,81.06066342588997
167,2023-12-03 21:50:48,120.79,18.562,-0.04999999999999716,0.1769999999999996,20.37568902331758
168,2023-12-04 09:42:48,120.84,18.385,0.19899999999999807,0.532,62.78276828855515
169,2023-12-04 21:50:48,120.641,17.853,0.5730000000000075,-1.3199999999999967,158.72504426555045
170,2023-12-05 09:44:48,120.068,19.173,-0.3020000000000067,-0.6620000000000026,80.12828170547647
171,2023-12-05 21:55:48,120.37,19.835,-0.17799999999999727,0.4710000000000001,55.5929735588165
172,2023-12-06 09:42:48,120.548,19.364,-0.17799999999999727,-0.3689999999999998,45.071339820232566
173,2023-12-06 21:54:48,120.726,19.733,-0.5529999999999973,1.350999999999999,161.07494906302995
174,2023-12-07 09:41:48,121.279,18.382,-0.18000000000000682,-0.3780000000000001,46.115412949030826
175,2023-12-07 21:50:48,121.459,18.76,-0.054000000000002046,0.1720000000000006,19.95354372607066
176,2023-12-08 09:40:48,121.513,18.588,0.5690000000000026,1.3800000000000026,164.83738193289776
177,2023-12-08 21:50:48,120.944,17.208,-0.05499999999999261,0.16799999999999926,19.57370081413317
178,2023-12-09 09:45:48,120.999,17.04,0.0689999999999884,0.19699999999999918,23.10226336755968
179,2023-12-09 21:50:48,120.93,16.843,0.06800000000001205,-0.1280000000000001,15.966027024831996
180,2023-12-10 09:46:48,120.862,16.971,-0.05700000000000216,-0.10200000000000031,12.859525009340244
181,2023-12-10 21:51:48,120.919,17.073,0.19299999999999784,-0.4190000000000005,50.897923006351576
182,2023-12-11 09:46:48,120.726,17.492,-0.43300000000000693,-0.972999999999999,117.48575612975547
183,2023-12-11 21:53:48,121.159,18.465,0.06700000000000728,-0.12399999999999878,15.492355165279031
184,2023-12-12 09:43:48,121.092,18.589,0.3160000000000025,0.7579999999999991,90.65398719045952
185,2023-12-12 21:54:48,120.776,17.831,-0.058000000000006935,0.16199999999999903,19.031991770579005
186,2023-12-13 09:46:48,120.834,17.669,0.4399999999999977,1.0429999999999993,125.04430524380987
187,2023-12-13 21:54:48,120.394,16.626,0.6910000000000025,-1.5700000000000003,189.34488261296548
188,2023-12-14 09:50:48,119.703,18.196,-0.8100000000000023,-1.8199999999999967,219.5400097066139
189,2023-12-14 22:00:48,120.513,20.016,0.19000000000001194,-0.40500000000000114,49.204605552837
190,2023-12-15 09:44:48,120.323,20.421,-0.4350000000000023,-0.9510000000000005,114.99657610458506
191,2023-12-15 22:02:48,120.758,21.372,-0.6850000000000023,1.5539999999999985,186.92806190057985
192,2023-12-16 09:41:48,121.443,19.818,1.063999999999993,2.4350000000000023,293.0557668368172
193,2023-12-16 21:57:48,120.379,17.383,0.43900000000000716,-0.9879999999999995,119.27948185945446
194,2023-12-17 09:50:48,119.94,18.371,-0.561000000000007,-1.2550000000000026,151.50188786894915
195,2023-12-17 22:01:48,120.501,19.626,0.06400000000000716,-0.13100000000000023,16.033653636025658
196,2023-12-18 09:46:48,120.437,19.757,0.4380000000000024,0.9980000000000011,120.11999747273269
197,2023-12-18 22:02:48,119.999,18.759,-0.06100000000000705,0.1479999999999997,17.666734961946222
198,2023-12-19 09:50:48,120.06,18.611,-0.6869999999999976,-1.536999999999999,185.47686592395488
199,2023-12-19 22:02:48,120.747,20.148,0.06300000000000239,-0.13500000000000156,16.387610243124684
200,2023-12-20 09:45:48,120.684,20.283,-0.06100000000000705,-0.13400000000000034,16.20053482571406
201,2023-12-20 22:03:48,120.745,20.417,0.4369999999999976,-0.9699999999999989,117.02206246165413
202,2023-12-21 09:45:48,120.308,21.387,0.3130000000000024,0.6950000000000003,83.82986268643532
203,2023-12-21 22:07:48,119.995,20.692,-0.5609999999999928,1.254999999999999,151.35123708676446
204,2023-12-22 09:48:48,120.556,19.437,0.1869999999999976,0.4200000000000017,50.66104226905532
205,2023-12-22 22:03:48,120.369,19.017,-0.1869999999999976,0.41799999999999926,50.47540793941538
206,2023-12-23 09:50:48,120.556,18.599,0.3130000000000024,0.7050000000000018,85.07597055674664
207,2023-12-23 22:02:48,120.243,17.894,-0.43600000000000705,0.9899999999999984,119.40869171121618
208,2023-12-24 09:53:48,120.679,16.904,-0.1869999999999976,-0.4349999999999987,52.292718494843
209,2023-12-24 21:59:48,120.866,17.339,0.4380000000000024,-1.0080000000000027,121.29375801957445
210,2023-12-25 09:52:48,120.428,18.347,0.06300000000000239,0.13300000000000267,16.215977512935503
211,2023-12-25 22:03:48,120.365,18.214,0.3129999999999882,-0.7250000000000014,87.10543888571823
212,2023-12-26 09:53:48,120.052,18.939,-0.06099999999999284,-0.15399999999999991,18.28537981858872
213,2023-12-26 22:06:48,120.113,19.093,-0.4369999999999976,0.9750000000000014,117.7904944328716
214,2023-12-27 09:53:48,120.55,18.118,0.43899999999999295,0.9889999999999972,119.40754368959358
215,2023-12-27 22:03:48,120.111,17.129,0.18900000000000716,-0.4529999999999994,54.21835769818906
216,2023-12-28 09:57:48,119.922,17.582,-0.18600000000000705,-0.44599999999999795,53.35932175473379
217,2023-12-28 22:05:48,120.108,18.028,-0.06099999999999284,0.11799999999999855,14.621543890222075
218,2023-12-29 09:56:48,120.169,17.91,-0.18500000000000227,-0.4490000000000016,53.61742980057194
219,2023-12-29 22:05:48,120.354,18.359,0.5649999999999977,-1.3169999999999966,158.02988114001295
220,2023-12-30 09:55:48,119.789,19.676,0.06499999999999773,0.11899999999999977,14.88093875477455
221,2023-12-30 22:10:48,119.724,19.557,-0.6850000000000023,1.5429999999999993,326.2171720899359
222,2023-12-31 22:05:48,121.968,21.605,-0.0589999999999975,0.09600000000000009,12.295492206112204
223,2024-01-01 09:44:48,122.027,21.509,0.9410000000000025,2.1090000000000018,254.17458603906476
224,2024-01-01 22:05:48,121.086,19.4,-0.058000000000006935,0.09799999999999898,12.480929005360409
225,2024-01-02 09:52:48,121.144,19.302,0.4420000000000073,0.9879999999999995,119.3052570717625
226,2024-01-02 22:05:48,120.702,18.314,-0.058000000000006935,0.09700000000000131,12.403366543339311
227,2024-01-03 09:56:48,120.76,18.217,0.19300000000001205,0.4139999999999979,50.35596026574855
228,2024-01-03 22:05:48,120.567,17.803,0.06799999999999784,-0.2010000000000005,23.479779325713242
229,2024-01-04 09:58:48,120.499,18.004,0.31799999999999784,0.713000000000001,86.14539669854365
230,2024-01-04 22:06:48,120.181,17.291,0.06900000000000261,-0.20599999999999952,24.04782117311088
231,2024-01-05 10:01:48,120.112,17.497,-0.6800000000000068,-1.657,197.73630140476465
232,2024-01-05 22:07:48,120.792,19.154,0.3190000000000026,-0.8039999999999985,95.44472329644391
233,2024-01-06 09:56:48,120.473,19.958,0.19599999999999795,0.4079999999999977,49.78894308955547
234,2024-01-06 22:10:48,120.277,19.55,-0.679000000000002,1.565999999999999,188.23308457754283
235,2024-01-07 09:58:48,120.956,17.984,-0.17900000000000205,-0.4809999999999981,56.72771741000886
236,2024-01-07 22:05:48,121.135,18.465,0.5710000000000122,-1.4250000000000007,169.42043761605362
237,2024-01-08 09:57:48,120.564,19.89,0.3229999999999933,0.713000000000001,86.20532105613447
238,2024-01-08 22:10:48,120.241,19.177,-0.3020000000000067,0.6709999999999994,81.098491048821
239,2024-01-09 10:00:48,120.543,18.506,-0.0519999999999925,-0.18499999999999872,21.288514356752522
240,2024-01-09 22:08:48,120.595,18.691,0.07399999999999807,-0.2430000000000021,28.12056818305457
241,2024-01-10 10:00:48,120.521,18.934,0.20000000000000284,0.4250000000000007,51.73898220697247
242,2024-01-10 22:09:48,120.321,18.509,-0.17499999999999716,0.3670000000000009,44.79463622359655
243,2024-01-11 10:02:48,120.496,18.142,-0.2990000000000066,-0.8060000000000009,95.004454349135
244,2024-01-11 22:08:48,120.795,18.948,0.3260000000000076,-0.8769999999999989,103.33907470875036
245,2024-01-12 10:00:48,120.469,19.825,0.20199999999999818,0.4250000000000007,51.778112642013575
246,2024-01-12 22:11:48,120.267,19.4,-0.04800000000000182,0.04299999999999926,6.9435321619933745
247,2024-01-13 10:02:48,120.315,19.357,0.07899999999999352,0.11899999999999977,15.61503101288731
248,2024-01-13 22:11:48,120.236,19.238,-0.17099999999999227,0.352999999999998,43.17043993728087
249,2024-01-14 10:03:48,120.407,18.885,-0.04600000000000648,-0.19399999999999906,22.107420067238312
250,2024-01-14 22:10:48,120.453,19.079,0.2049999999999983,-0.6039999999999992,70.52008095502072
251,2024-01-15 10:03:48,120.248,19.683,-0.29299999999999216,-0.8350000000000009,97.75878785340676
252,2024-01-15 22:12:48,120.541,20.518,-0.41899999999999693,0.9789999999999992,117.3306053254874
253,2024-01-16 10:01:48,120.96,19.539,0.2079999999999984,0.44700000000000273,54.285367103981095
254,2024-01-16 22:09:48,120.752,19.092,-0.04200000000000159,0.019999999999999574,4.942196485487178
255,2024-01-17 10:03:48,120.794,19.072,-0.16599999999999682,-0.5259999999999998,61.026774509668755
256,2024-01-17 22:09:48,120.96,19.598,0.333999999999989,-0.9730000000000025,113.67614258307377
257,2024-01-18 10:02:48,120.626,20.571,0.46000000000000796,1.110000000000003,132.4527726408842
258,2024-01-18 22:12:48,120.166,19.461,-0.4140000000000015,1.006999999999998,120.139453561536
259,2024-01-19 10:06:48,120.58,18.454,0.3370000000000033,0.8150000000000013,97.37606935247875
260,2024-01-19 22:09:48,120.243,17.639,0.33799999999999386,-1.0120000000000005,118.06076822187131
261,2024-01-20 10:09:48,119.905,18.651,-0.03699999999999193,-0.1999999999999993,22.577645650666824
262,2024-01-20 22:12:48,119.942,18.851,-0.6610000000000014,1.718,203.4204500061767
263,2024-01-21 10:09:48,120.603,17.133,-0.5350000000000108,-1.5809999999999995,184.68591550899797
264,2024-01-21 22:07:48,121.138,18.714,0.3410000000000082,-1.0530000000000008,122.43862729632053
265,2024-01-22 10:05:48,120.797,19.767,0.09099999999999397,0.13799999999999812,18.0616236064343
266,2024-01-22 22:10:48,120.706,19.629,-0.2819999999999965,0.6780000000000008,80.99146634968425
267,2024-01-23 10:06:48,120.988,18.951,-0.031999999999996476,-0.20599999999999952,23.151751796115505
268,2024-01-23 22:08:48,121.02,19.157,0.3439999999999941,-1.097999999999999,127.29176137953026
269,2024-01-24 10:06:48,120.676,20.255,0.2190000000000083,0.4989999999999988,60.01933905809055
270,2024-01-24 22:11:48,120.457,19.756,-0.15400000000001057,0.31899999999999906,38.967298787535206
271,2024-01-25 10:08:48,120.611,19.437,0.47100000000000364,1.2520000000000024,147.77922430831063
272,2024-01-25 22:10:48,120.14,18.185,0.09799999999999898,-0.4090000000000025,46.63949443725408
273,2024-01-26 10:12:48,120.042,18.594,-0.277000000000001,-0.9489999999999981,109.46565521824003
274,2024-01-26 22:11:48,120.319,19.543,-0.15099999999999625,0.3149999999999977,38.440953890769855
275,2024-01-27 10:10:48,120.47,19.228,0.34900000000000375,0.9220000000000006,108.90718006267703
276,2024-01-27 22:10:48,120.121,18.306,0.10099999999999909,-0.43900000000000006,49.9625602742699
277,2024-01-28 10:13:48,120.02,18.745,0.10099999999999909,0.1750000000000007,22.17829945161611
278,2024-01-28 22:11:48,119.919,18.57,-0.02200000000000557,-0.06899999999999906,8.015092894941532
279,2024-01-29 10:14:48,119.941,18.639,-0.14699999999999136,-0.6009999999999991,68.59324278953405
280,2024-01-29 22:11:48,120.088,19.24,-0.5210000000000008,1.5009999999999977,175.7134523564109
281,2024-01-30 10:13:48,120.609,17.739,-0.14500000000001023,-0.6050000000000004,68.99760310094511
282,2024-01-30 22:07:48,120.754,18.344,-0.26899999999999125,0.7250000000000014,85.48920986710077
283,2024-01-31 10:12:48,121.023,17.619,-0.39400000000000546,-1.426000000000002,163.92658025543136
284,2024-01-31 22:05:48,121.417,19.045,0.6080000000000041,-2.139999999999997,246.2783119590332
285,2024-02-01 10:09:48,120.809,21.185,0.3580000000000041,0.9939999999999998,116.63284049405875
286,2024-02-01 22:10:48,120.451,20.191,-0.26600000000000534,0.7109999999999985,83.81244273188433
287,2024-02-02 10:12:48,120.717,19.48,-0.015000000000000568,-0.22299999999999898,24.8462076558297
288,2024-02-02 22:08:48,120.732,19.703,-0.5139999999999958,1.5809999999999995,183.92531974458873
289,2024-02-03 10:12:48,121.246,18.122,0.36199999999999477,1.093,127.44993079146354
290,2024-02-03 22:04:48,120.884,17.029,0.36199999999999477,-1.431000000000001,163.67291388366922
291,2024-02-04 10:15:48,120.522,18.46,0.11400000000000432,0.2270000000000003,27.96223925063365
292,2024-02-04 22:07:48,120.408,18.233,0.23900000000000432,-1.0309999999999988,117.37145236499805
293,2024-02-05 10:16:48,120.169,19.264,-0.13500000000000512,-0.6750000000000007,76.37712494690466
294,2024-02-05 22:09:48,120.304,19.939,-0.25900000000000034,0.7439999999999998,87.0658236782135
295,2024-02-06 10:15:48,120.563,19.195,-0.25799999999999557,-1.1469999999999985,130.36654575813486
296,2024-02-06 22:07:48,120.821,20.342,0.11700000000000443,-0.6490000000000009,73.1849108120872
297,2024-02-07 10:13:48,120.704,20.991,0.4939999999999998,1.6340000000000003,188.86603077309118
298,2024-02-07 22:08:48,120.21,19.357,0.11899999999999977,-0.6649999999999991,74.98680253053674
299,2024-02-08 10:17:48,120.091,20.022,-0.13000000000000966,-0.7220000000000013,81.41819827257446
300,2024-02-08 22:09:48,120.221,20.744,-0.2539999999999907,0.759999999999998,88.55909294762826
301,2024-02-09 10:16:48,120.475,19.984,0.12199999999999989,0.25400000000000134,30.991819245068083
302,2024-02-09 22:07:48,120.353,19.73,-0.12700000000000955,0.2839999999999989,34.26755110619809
303,2024-02-10 10:17:48,120.48,19.446,-0.001999999999995339,-0.23799999999999955,26.465222151207097
304,2024-02-10 22:06:48,120.482,19.684,-0.125,0.28300000000000125,34.085482637080325
305,2024-02-11 10:17:48,120.607,19.401,0.375,1.3419999999999987,154.3600756374819
306,2024-02-11 22:05:48,120.232,18.059,0.2510000000000048,-1.3000000000000007,146.95055034296908
307,2024-02-12 10:20:48,119.981,19.359,0.000999999999990564,-0.24199999999999733,26.909376439401317
308,2024-02-12 22:07:48,119.98,19.601,-0.2469999999999999,0.8320000000000007,96.08189359926914
309,2024-02-13 10:20:48,120.227,18.769,-0.12199999999999989,-0.7940000000000005,89.21377885530113
310,2024-02-13 22:05:48,120.349,19.563,0.0040000000000048885,-0.28600000000000136,31.80450559498608
311,2024-02-14 10:19:48,120.345,19.849,0.25499999999999545,0.8960000000000008,103.15775662024404
312,2024-02-14 22:05:48,120.09,18.953,-0.11999999999999034,0.29199999999999804,34.83923088061637
313,2024-02-15 10:21:48,120.21,18.661,-0.4930000000000092,-2.6189999999999998,295.74102031673164
314,2024-02-15 22:04:48,120.703,21.28,-0.117999999999995,0.25,30.37280117900307
315,2024-02-16 10:17:48,120.821,21.03,0.38299999999999557,1.5600000000000023,178.0058454807531
316,2024-02-16 22:03:48,120.438,19.47,0.13299999999999557,-0.9730000000000025,109.08198952887369
317,2024-02-17 10:20:48,120.305,20.443,-0.11499999999999488,-0.9149999999999991,102.44224688770692
318,2024-02-17 22:04:48,120.42,21.358,-0.23999999999999488,0.8940000000000019,102.48631120073215
319,2024-02-18 10:19:48,120.66,20.464,0.13599999999999568,0.3769999999999989,44.25555311398975
320,2024-02-18 22:02:48,120.524,20.087,0.01099999999999568,-0.4059999999999988,45.15971494839833
321,2024-02-19 10:20:48,120.513,20.493,0.012000000000000455,-0.2930000000000028,32.60403403300167
322,2024-02-19 22:02:48,120.501,20.786,-0.11199999999999477,0.2560000000000002,30.75876504628483
323,2024-02-20 10:20:48,120.613,20.53,0.013999999999995794,-0.29999999999999716,33.39025636855181
324,2024-02-20 22:01:48,120.599,20.83,0.13900000000001,-1.2100000000000009,135.31283904904635
325,2024-02-21 10:20:48,120.46,22.04,0.14000000000000057,0.4049999999999976,47.29549463547173
326,2024-02-21 22:02:48,120.32,21.635,-0.23400000000000887,1.0030000000000001,114.13851622122338
327,2024-02-22 10:21:48,120.554,20.632,-0.23399999999999466,-1.8859999999999992,211.10472528596554
328,2024-02-22 22:00:48,120.788,22.518,0.3919999999999959,-2.983999999999998,334.18529222761595
329,2024-02-23 10:19:48,120.396,25.502,0.1419999999999959,0.36499999999999844,43.02265981627539
330,2024-02-23 22:03:48,120.254,25.137,-0.10599999999999454,0.14499999999999957,381.9896720534453
331,2024-02-25 10:20:48,120.947,21.761,0.394999999999996,2.3520000000000003,264.74234195586195
332,2024-02-25 21:57:48,120.552,19.409,0.021000000000000796,-0.6360000000000028,70.75412346598888
333,2024-02-26 10:23:48,120.531,20.045,0.3960000000000008,2.5330000000000013,165.02578251900744
334,2024-02-27 21:56:48,120.716,21.519,0.14799999999999613,-1.8860000000000028,210.26428291902036
335,2024-02-28 10:22:48,120.568,23.405,-0.10200000000000387,-1.6169999999999973,180.09946712153058
336,2024-02-28 21:57:48,120.67,25.022,-0.09999999999999432,0.1280000000000001,17.44149898877652
337,2024-02-29 10:21:48,120.77,24.894,0.2740000000000009,1.788999999999998,200.86523052429786
338,2024-02-29 21:56:48,120.496,23.105,0.024999999999991473,-1.0410000000000004,1252.2654254182535
0,2023-06-10 10:41:00,127.488,23.344,0.4749999999999943,-0.7659999999999982,97.94282735953938
1,2023-06-10 20:18:00,127.013,24.11,-0.6499999999999915,-1.0380000000000003,132.8093384703018
2,2023-06-11 10:45:00,127.663,25.148,0.22400000000000375,-0.33000000000000185,348.984741203519
3,2023-06-12 10:47:00,125.715,22.564,0.9740000000000038,-1.6189999999999998,205.64867821450392
4,2023-06-12 20:27:00,124.741,24.183,-1.1509999999999962,-1.841000000000001,235.23619079778632
5,2023-06-13 10:55:00,125.892,26.024,-0.40100000000001046,0.6700000000000017,84.6457262065591
6,2023-06-13 20:18:00,126.293,25.354,-0.15099999999999625,-0.2170000000000023,28.496207243327518
7,2023-06-14 10:52:00,126.444,25.571,0.597999999999999,-0.921999999999997,118.66113107014382
8,2023-06-14 20:17:00,125.846,26.493,-0.6509999999999962,-0.9830000000000005,126.91909932033924
9,2023-06-15 10:57:00,126.497,27.476,-0.027000000000001023,0.06199999999999761,7.391026783268502
10,2023-06-15 20:12:00,126.524,27.414,-0.527000000000001,-0.7739999999999974,100.46902924555923
11,2023-06-16 10:57:00,127.051,28.188,-0.902000000000001,1.3870000000000005,178.04761115723733
12,2023-06-16 20:08:00,127.953,26.801,0.847999999999999,1.3489999999999966,172.24140459858475
13,2023-06-17 10:50:00,127.105,25.452,0.722999999999999,-1.125,144.45812857796824
14,2023-06-17 20:15:00,126.382,26.577,-0.902000000000001,-1.3639999999999972,175.93299574155122
15,2023-06-18 10:56:00,127.284,27.941,-0.277000000000001,0.4269999999999996,54.75124408689519
16,2023-06-18 20:08:00,127.561,27.514,0.5970000000000084,0.9250000000000007,118.63538114166626
17,2023-06-19 10:54:00,126.964,26.589,0.09799999999999898,-0.14500000000000313,18.836053842797362
18,2023-06-19 20:13:00,126.866,26.734,-0.027000000000001023,-0.036999999999999034,4.910596712648602
19,2023-06-20 10:55:00,126.893,26.771,0.597999999999999,-0.9089999999999989,117.09977390276266
20,2023-06-20 20:13:00,126.295,27.68,-0.027999999999991587,-0.03999999999999915,5.232775476084184
21,2023-06-21 11:00:00,126.323,27.72,0.722999999999999,-1.0730000000000004,138.7433531994297
22,2023-06-21 20:13:00,125.6,28.793,-0.402000000000001,-0.5860000000000021,75.97213369245323
23,2023-06-22 11:06:00,126.002,29.379,-0.402000000000001,0.578000000000003,75.20977858784873
24,2023-06-22 20:10:00,126.404,28.801,0.22299999999999898,0.32099999999999795,41.80471459428493
25,2023-06-23 11:03:00,126.181,28.48,-0.402000000000001,0.5890000000000022,76.4314511201923
26,2023-06-23 20:12:00,126.583,27.891,0.972999999999999,1.4769999999999968,190.36784564329582
27,2023-06-24 11:00:00,125.61,26.414,-0.15099999999999625,0.22500000000000142,29.197799869867122
28,2023-06-24 20:20:00,125.761,26.189,-0.902000000000001,-1.4029999999999987,179.83074551215904
29,2023-06-25 10:59:00,126.663,27.592,-0.27599999999999625,0.4049999999999976,52.63633385241761
30,2023-06-25 20:13:00,126.939,27.187,-0.15200000000000102,-0.24899999999999878,31.498015873748876
31,2023-06-26 10:57:00,127.091,27.436,-0.5260000000000105,0.7899999999999991,96.93356155426173
32,2023-07-05 20:14:00,126.923,28.295,1.4789999999999992,2.2860000000000014,293.294496574664
33,2023-07-06 11:00:00,125.444,26.009,-0.2710000000000008,0.3880000000000017,50.96293829346322
34,2023-07-06 20:26:00,125.715,25.621,-0.394999999999996,-0.7050000000000018,87.77505344594775
35,2023-07-07 10:58:00,126.11,26.326,-0.14499999999999602,0.17600000000000193,24.33405706587704
36,2023-07-07 20:23:00,126.255,26.15,0.6059999999999945,0.9439999999999991,121.26915548499016
37,2023-07-08 10:57:00,125.649,25.206,0.48099999999999454,-0.865000000000002,107.59302185757687
38,2023-07-08 20:28:00,125.168,26.071,-0.8939999999999912,-1.514999999999997,190.3868737989871
39,2023-07-09 11:01:00,126.062,27.586,1.7319999999999993,-2.735000000000003,347.67143948359393
40,2023-07-09 20:21:00,124.33,30.321,1.1069999999999993,1.6080000000000005,185.65404153664485
41,2023-07-12 20:26:00,122.805,31.357,0.6100000000000136,0.820999999999998,108.24998257059265
42,2023-07-13 11:23:00,122.195,30.536,-0.76400000000001,1.0869999999999997,141.5009196627658
43,2023-07-13 20:31:00,122.959,29.449,-1.3889999999999958,-2.196999999999999,835.917178882765
44,2023-07-22 10:45:00,126.246,22.535,0.6199999999999903,-1.3339999999999996,161.3004165509351
45,2023-07-22 20:38:00,125.626,23.869,-1.5030000000000001,-2.9529999999999994,361.41865656244875
46,2023-07-23 10:50:00,127.129,26.822,0.24600000000000932,-0.5730000000000004,68.20869716886601
47,2023-07-23 20:26:00,126.883,27.395,0.37299999999999045,0.5539999999999985,71.8164047989637
48,2023-07-24 10:52:00,126.51,26.841,-0.12699999999999534,0.10800000000000054,17.410819054214702
49,2023-07-24 20:29:00,126.637,26.733,-0.2510000000000048,-0.5949999999999989,70.67774427690468
50,2023-07-25 10:51:00,126.888,27.328,0.24900000000000944,-0.5910000000000011,70.14560030144868
51,2023-07-25 20:27:00,126.639,27.919,-0.125,-0.36400000000000077,42.2912557247497
52,2023-07-26 10:53:00,126.764,28.283,-0.25,0.3180000000000014,43.02772822404466
53,2023-07-26 20:26:00,127.014,27.965,0.25199999999999534,0.3269999999999982,44.005410931952895
54,2023-07-27 10:51:00,126.762,27.638,-0.3739999999999952,0.5650000000000013,72.87846065585484
55,2023-07-27 20:28:00,127.136,27.073,0.1280000000000001,0.10200000000000031,17.01174762581347
56,2023-07-28 10:48:00,127.008,26.971,0.1280000000000001,-0.39199999999999946,45.39046222907809
57,2023-07-28 20:29:00,126.88,27.363,-0.6210000000000093,-1.3260000000000005,159.5463063296055
58,2023-07-29 10:49:00,127.501,28.689,0.2540000000000049,-0.6280000000000001,74.07053733390624
59,2023-07-29 20:24:00,127.247,29.317,0.5049999999999955,0.7899999999999991,100.65885211761594
60,2023-07-30 10:51:00,126.742,28.527,0.006000000000000227,-0.16900000000000048,18.801067791767956
61,2023-07-30 20:28:00,126.736,28.696,-0.11899999999999977,-0.38599999999999923,44.457360250774734
62,2023-07-31 10:51:00,126.855,29.082,-0.367999999999995,0.5429999999999993,70.22207268602085
63,2023-07-31 20:27:00,127.223,28.539,0.132000000000005,0.0940000000000012,16.603055272800272
64,2023-08-01 10:48:00,127.091,28.445,-0.11700000000000443,0.062000000000001165,13.358900551440456
65,2023-08-01 20:28:00,127.208,28.383,0.009000000000000341,-0.1509999999999998,16.813469710899394
66,2023-08-02 10:47:00,127.199,28.534,0.13400000000000034,-0.43900000000000006,50.53216963112986
67,2023-08-02 20:28:00,127.065,28.973,0.1349999999999909,0.09199999999999875,16.65143869297031
68,2023-08-03 10:48:00,126.93,28.881,-0.2389999999999901,0.3030000000000008,40.96624964398354
69,2023-08-03 20:29:00,127.169,28.578,-0.11400000000000432,-0.4089999999999989,46.81611089177289
70,2023-08-04 10:46:00,127.283,28.987,0.38700000000000045,-0.9590000000000032,113.02588857215734
71,2023-08-04 20:28:00,126.896,29.946,0.38800000000000523,0.5890000000000022,75.46663904002915
72,2023-08-05 10:49:00,126.508,29.357,-0.737000000000009,1.3399999999999999,165.43670000534718
73,2023-08-05 20:31:00,127.245,28.017,-0.23599999999999,-0.6870000000000012,79.80486094243646
74,2023-08-06 10:43:00,127.481,28.704,0.1389999999999958,-0.48499999999999943,55.599676573047375
75,2023-08-06 20:29:00,127.342,29.189,1.0150000000000006,1.9879999999999995,242.40076004366145
76,2023-08-07 10:44:00,126.327,27.201,-0.48400000000000887,0.8979999999999997,110.81559787121904
77,2023-08-07 20:37:00,126.811,26.303,0.016000000000005343,-0.1559999999999988,74.15207288551485
78,2023-08-10 10:39:00,126.849,26.969,-0.6059999999999945,1.243000000000002,150.82924757601182
79,2023-08-10 20:37:00,127.455,25.726,-0.23000000000000398,-0.7669999999999995,88.32422048698467
80,2023-08-11 10:34:00,127.685,26.493,0.3960000000000008,-1.1620000000000026,135.02596196154542
81,2023-08-11 20:35:00,127.289,27.655,0.3960000000000008,0.7330000000000005,90.41315411206344
82,2023-08-12 10:37:00,126.893,26.922,0.021000000000000796,-0.2740000000000009,30.538292898869507
83,2023-08-12 20:38:00,126.872,27.196,-0.10200000000000387,-0.4759999999999991,53.87752419397772
84,2023-08-13 10:37:00,126.974,27.672,-0.22799999999999443,0.33000000000000185,43.0361687049872
85,2023-08-13 20:37:00,127.202,27.342,0.02400000000000091,-0.17300000000000182,19.38200541388541
86,2023-08-14 10:35:00,127.178,27.515,-0.22700000000000387,0.33500000000000085,44.09477554924687
87,2023-08-17 10:34:00,126.777,27.691,-0.472999999999999,1.0199999999999996,122.68963821467293
88,2023-08-17 20:40:00,127.25,26.671,0.4030000000000058,0.8689999999999998,104.65478326745904
89,2023-08-18 10:30:00,126.847,25.802,0.027999999999991587,-0.3360000000000021,37.46619942007086
90,2023-08-18 20:43:00,126.819,26.138,-0.4719999999999942,-1.5839999999999996,182.2417465396312
91,2023-08-19 10:30:00,127.291,27.722,0.28000000000000114,-1.038999999999998,118.7426193697633
92,2023-08-19 20:39:00,127.011,28.761,0.27899999999999636,0.49099999999999966,1011.1347222361156
93,2023-08-28 10:12:00,127.32,19.672,0.6619999999999919,-3.0509999999999984,317.79558734192494
94,2023-08-29 10:17:00,125.37,17.492,-0.46299999999999386,1.9080000000000013,352.3651703322384
95,2023-08-30 10:13:00,126.795,20.36,0.5390000000000015,-2.689,304.1428271595777
96,2023-08-30 20:54:00,126.256,23.049,-0.3359999999999985,-1.7759999999999998,530.8272281089384
97,2023-09-05 10:30:00,122.312,26.202,0.2920000000000016,-1.860999999999997,208.9411856769706
98,2023-09-05 21:09:00,122.02,28.063,0.2920000000000016,0.9029999999999987,104.44957108883489
99,2023-09-06 10:32:00,121.728,27.16,-0.20800000000001262,0.536999999999999,23.10809022493751
100,2023-10-11 21:28:00,121.657,27.358,0.2819999999999965,-1.774000000000001,199.18424766525993
101,2023-10-12 09:52:00,121.375,29.132,-0.09399999999999409,0.08699999999999974,13.304692499943759
102,2023-10-12 21:30:00,121.469,29.045,-0.2190000000000083,2.849,1034.1541746120267
103,2023-10-23 21:32:00,120.809,19.764,0.2669999999999959,-1.0489999999999995,119.92135299440355
104,2023-10-24 09:50:00,120.542,20.813,-0.35899999999999466,-1.4740000000000002,231.55283648151433
105,2023-10-25 09:47:00,121.512,18.941,-0.10999999999999943,-0.25900000000000034,31.03299980664337
106,2023-10-25 21:29:00,121.622,19.2,0.6380000000000052,-2.7609999999999992,314.1088110292507
107,2023-10-26 09:46:00,120.984,21.961,-0.737000000000009,-3.094000000000001,352.14592701681374
108,2023-10-26 21:34:00,121.721,25.055,-0.11299999999999955,0.8649999999999984,96.85947073375932
109,2023-10-27 09:40:00,121.834,24.19,0.01100000000000989,0.38400000000000034,42.71347043938165
110,2023-10-27 21:33:00,121.823,23.806,0.009999999999990905,0.277000000000001,30.81782693463182
111,2023-10-28 09:40:00,121.813,23.529,0.13500000000000512,0.8960000000000008,100.58314265850633
112,2023-10-28 21:33:00,121.678,22.633,0.009000000000000341,0.2560000000000002,28.48091132634609
113,2023-10-29 09:41:00,121.669,22.377,0.13299999999999557,0.8490000000000002,95.39575121618161
114,2023-10-29 21:33:00,121.536,21.528,0.132000000000005,-0.28500000000000014,34.501446103175724
115,2023-10-30 09:42:00,121.404,21.813,0.13100000000000023,0.8089999999999975,296.429440726484
116,2023-10-31 09:43:00,120.392,24.311,0.3789999999999907,1.7929999999999993,203.08808995299214
117,2023-10-31 21:41:00,120.013,22.518,0.2540000000000049,-0.7360000000000007,85.87627318422314
118,2023-11-01 09:46:00,119.759,23.254,-0.2469999999999999,-0.6890000000000001,345.7091785424773
119,2023-11-02 09:44:00,120.879,20.324,-0.3739999999999952,-1.2079999999999984,139.82676716259326
120,2023-11-02 21:36:00,121.253,21.532,-0.125,0.6990000000000016,78.79835001751985
121,2023-11-03 09:41:00,121.378,20.833,0.125,0.6839999999999975,77.16367482364778
122,2023-11-03 21:35:00,121.253,20.149,-0.3760000000000048,1.6030000000000015,182.55811655554405
123,2023-11-04 09:42:00,121.629,18.546,0.2469999999999999,1.0999999999999979,125.0724678172668
124,2023-11-04 21:32:00,121.382,17.446,0.12199999999999989,-0.27399999999999736,33.09832431626347
125,2023-11-05 09:44:00,121.26,17.72,-0.8789999999999907,-2.982000000000003,344.1854901700149
126,2023-11-05 21:33:00,122.139,20.702,0.49499999999999034,-1.5349999999999966,178.20379445494584
127,2023-11-06 09:37:00,121.644,22.237,0.6189999999999998,2.3599999999999994,270.16542877820126
128,2023-11-06 21:37:00,121.025,19.877,0.4939999999999998,-1.5150000000000006,176.12856554037893
129,2023-11-07 09:42:00,120.531,21.392,-0.007999999999995566,0.16900000000000048,18.810208308286175
130,2023-11-07 21:41:00,120.539,21.223,-0.5079999999999956,1.9059999999999988,218.4604387760731
131,2023-11-08 09:42:00,121.047,19.317,-0.13400000000000034,-0.28300000000000125,34.46188005948496
132,2023-11-08 21:37:00,121.181,19.6,0.11400000000000432,-0.21199999999999974,26.421922225300094
133,2023-11-09 09:41:00,121.067,19.812,-0.5110000000000099,-1.504999999999999,296.24260176067656
134,2023-11-11 09:43:00,121.242,17.153,-0.3889999999999958,-1.1129999999999995,130.43891249781254
135,2023-11-11 21:35:00,121.631,18.266,0.8589999999999947,-2.5550000000000033,298.0186301303096
136,2023-11-12 09:40:00,120.772,20.821,0.35900000000000887,1.269000000000002,145.9955307136575
137,2023-11-12 21:42:00,120.413,19.552,0.10699999999999932,-0.18599999999999994,23.52264700957134
138,2023-11-13 09:43:00,120.306,19.738,-0.14300000000000068,-0.29299999999999926,35.84761275087333
139,2023-11-13 21:43:00,120.449,20.031,-0.5190000000000055,1.7199999999999989,198.87076901432079
140,2023-11-14 09:42:00,120.968,18.311,-0.14499999999999602,-0.3099999999999987,37.710591065251656
141,2023-11-14 21:39:00,121.113,18.621,-0.021000000000000796,0.19099999999999895,21.353329094527133
142,2023-11-15 09:41:00,121.134,18.43,-0.02200000000000557,0.05999999999999872,7.063965179829527
143,2023-11-15 21:39:00,121.156,18.37,-0.022999999999996135,0.18900000000000006,21.15568720455539
144,2023-11-16 09:41:00,121.179,18.181,-0.14799999999999613,-0.31599999999999895,38.453432647739575
145,2023-11-16 21:39:00,121.327,18.497,0.4749999999999943,-1.2579999999999991,148.51731943761192
146,2023-11-17 09:40:00,120.852,19.755,0.3500000000000085,1.129999999999999,130.91565919806814
147,2023-11-17 21:43:00,120.502,18.625,0.22299999999999898,-0.5240000000000009,62.81222157757596
148,2023-11-18 09:43:00,120.279,19.149,-0.652000000000001,-1.7189999999999976,202.9195270128522
149,2023-11-18 21:45:00,120.931,20.868,-0.1530000000000058,0.5509999999999984,63.30438912969877
150,2023-11-19 09:38:00,121.084,20.317,0.2220000000000084,0.7340000000000018,84.85139401234778
151,2023-11-19 21:44:00,120.862,19.583,-0.030000000000001137,0.19399999999999906,21.79983640241005
152,2023-11-20 09:40:00,120.892,19.389,-0.03100000000000591,0.0259999999999998,4.351152778702342
153,2023-11-20 21:44:00,120.923,19.363,-0.1559999999999917,0.5350000000000001,61.70629907897391
154,2023-11-21 09:40:00,121.079,18.828,0.09299999999998931,0.3550000000000004,40.67203476475907
155,2023-11-21 21:43:00,120.986,18.473,-0.03300000000000125,0.1869999999999976,21.083018572010666
156,2023-11-22 09:41:00,121.019,18.286,-0.6589999999999918,-1.671999999999997,198.38947454004332
157,2023-11-22 21:43:00,121.678,19.958,0.09000000000000341,-0.13800000000000168,17.996417118200316
158,2023-11-23 09:36:00,121.588,20.096,0.2149999999999892,0.6679999999999993,77.61086185490711
159,2023-11-23 21:44:00,121.373,19.428,0.21399999999999864,-0.4659999999999975,56.45456419715746
160,2023-11-24 09:38:00,121.159,19.894,0.2120000000000033,0.6519999999999975,75.8253041744461
161,2023-11-24 21:46:00,120.947,19.242,-0.41199999999999193,1.1690000000000005,137.0418623050871
162,2023-11-25 09:40:00,121.359,18.073,-0.4140000000000015,-0.9929999999999986,118.72670908320937
163,2023-11-25 21:43:00,121.773,19.066,0.3359999999999985,-0.7759999999999998,93.20146089219487
164,2023-11-26 09:37:00,121.437,19.842,0.7090000000000032,1.908999999999999,224.99407430760775
165,2023-11-26 21:46:00,120.728,17.933,0.08399999999998897,-0.13899999999999935,17.826952478113466
166,2023-11-27 09:43:00,120.644,18.072,0.08400000000000318,0.2889999999999979,33.341504011965924
167,2023-11-27 21:47:00,120.56,17.783,1.0820000000000078,-2.6579999999999977,316.6601687340781
168,2023-11-28 09:44:00,119.478,20.441,0.08199999999999363,0.2859999999999978,32.931500706826554
169,2023-11-28 21:56:00,119.396,20.155,-0.7939999999999969,2.0630000000000024,244.08893603847523
170,2023-11-29 09:45:00,120.19,18.092,-0.29399999999999693,-0.6670000000000016,80.39083771103755
171,2023-11-29 21:50:00,120.484,18.759,-0.5460000000000065,1.429000000000002,169.0577839876251
172,2023-11-30 09:43:00,121.03,17.33,-0.5450000000000017,-1.2930000000000028,154.89924248086785
173,2023-11-30 21:46:00,121.575,18.623,0.578000000000003,-1.3520000000000003,162.1112668351314
174,2023-12-01 09:39:00,120.997,19.975,0.3269999999999982,0.8680000000000021,102.41937029124041
175,2023-12-01 21:51:00,120.67,19.107,-0.046999999999997044,0.18100000000000094,20.723901717626163
176,2023-12-02 09:42:00,120.717,18.926,0.3259999999999934,0.857999999999997,101.40957988502805
177,2023-12-02 21:51:00,120.391,18.068,-0.04899999999999238,0.17700000000000315,20.352386031502093
178,2023-12-03 09:45:00,120.44,17.891,-0.6749999999999972,-1.5740000000000016,188.9115499107053
179,2023-12-03 21:51:00,121.115,19.465,-0.30000000000001137,0.7789999999999999,92.17963140224626
180,2023-12-04 09:40:00,121.415,18.686,0.19900000000001228,0.532,62.770570443776286
181,2023-12-04 21:49:00,121.216,18.154,0.4479999999999933,-1.0189999999999984,122.74354718014935
182,2023-12-05 09:42:00,120.768,19.173,-0.6769999999999925,-1.5440000000000005,185.69547527619827
183,2023-12-05 21:53:00,121.445,20.717,-0.4270000000000067,1.0579999999999998,125.8013226455383
184,2023-12-06 09:37:00,121.872,19.659,0.07099999999999795,0.21999999999999886,25.56916949131443
185,2023-12-06 21:50:00,121.801,19.439,-0.30299999999999727,0.7620000000000005,90.51723171902809
186,2023-12-07 09:38:00,122.104,18.677,0.4449999999999932,1.0970000000000013,130.73114914058394
187,2023-12-07 21:48:00,121.659,17.58,0.07100000000001216,-0.12600000000000122,15.902790432411527
188,2023-12-08 09:42:00,121.588,17.706,0.1939999999999884,0.4980000000000011,59.0750405536987
189,2023-12-08 21:49:00,121.394,17.208,0.8200000000000074,-1.8800000000000026,226.28902325501994
190,2023-12-09 09:44:00,120.574,19.088,-0.05700000000000216,-0.09099999999999753,11.75775177478206
191,2023-12-09 21:56:00,120.631,19.179,-0.055999999999997385,0.16799999999999926,19.585587291802458
192,2023-12-10 09:44:00,120.687,19.011,0.06799999999999784,0.19299999999999784,22.621299651305712
193,2023-12-10 21:56:00,120.619,18.818,-0.43200000000000216,1.0350000000000001,123.79358595101236
194,2023-12-11 09:45:00,121.051,17.783,-0.18299999999999272,-0.39299999999999713,47.79402757690754
195,2023-12-11 21:53:00,121.234,18.176,0.19199999999999307,-0.41300000000000026,50.19396483972355
196,2023-12-12 09:44:00,121.042,18.589,0.06700000000000728,0.1819999999999986,21.435292376106368
197,2023-12-12 21:55:00,120.975,18.407,0.06599999999998829,-0.125,15.544963463481292
198,2023-12-13 09:45:00,120.909,18.532,0.0660000000000025,0.17599999999999838,20.771731026053445
199,2023-12-13 21:56:00,120.843,18.356,0.5649999999999977,-1.264999999999997,152.69121752299537
200,2023-12-14 09:46:00,120.278,19.621,-0.5599999999999881,-1.238000000000003,149.54356818896665
201,2023-12-14 22:01:00,120.838,20.859,0.4399999999999977,-0.9579999999999984,115.86305452835956
202,2023-12-15 09:42:00,120.398,21.817,-0.6850000000000023,-1.4839999999999982,179.37874862796158
203,2023-12-15 22:05:00,121.083,23.301,-0.5600000000000023,1.251999999999999,150.60582074810506
204,2023-12-16 09:37:00,121.643,22.049,1.1890000000000072,2.6759999999999984,322.2265900804541
205,2023-12-16 22:01:00,120.454,19.373,-0.43600000000000705,1.0020000000000024,120.49167685054596
206,2023-12-17 09:47:00,120.89,18.371,-0.6859999999999928,-1.5360000000000014,185.37469964435894
207,2023-12-17 21:58:00,121.576,19.907,0.563999999999993,-1.2459999999999987,150.4822685883215
208,2023-12-18 09:42:00,121.012,21.153,1.0630000000000024,2.3939999999999984,288.4511911474252
209,2023-12-18 22:03:00,119.949,18.759,-0.06100000000000705,0.1479999999999997,17.666734961946222
210,2023-12-19 09:51:00,120.01,18.611,-0.9369999999999976,-2.0939999999999976,252.66768363567783
211,2023-12-19 22:03:00,120.947,20.705,0.1880000000000024,-0.4120000000000026,49.80059826817439
212,2023-12-20 09:44:00,120.759,21.117,-0.06099999999999284,-0.13299999999999912,16.08453595315408
213,2023-12-20 22:05:00,120.82,21.25,0.18799999999998818,-0.41199999999999903,49.77246658447468
214,2023-12-21 09:44:00,120.632,21.662,0.5620000000000118,1.2479999999999976,150.5297045854262
215,2023-12-21 22:07:00,120.07,20.414,-0.686000000000007,1.5390000000000015,185.59547198842924
216,2023-12-22 09:49:00,120.756,18.875,-0.06199999999999761,-0.14199999999999946,17.083095570391226
217,2023-12-22 22:02:00,120.818,19.017,0.06300000000000239,-0.1460000000000008,17.532326144138864
218,2023-12-23 09:49:00,120.755,19.163,0.1869999999999976,0.4190000000000005,50.57117107163587
219,2023-12-23 22:03:00,120.568,18.744,-0.06100000000000705,0.13299999999999912,16.124565451670524
220,2023-12-24 09:51:00,120.629,18.611,-0.1869999999999976,-0.43100000000000094,51.80874754011131
221,2023-12-24 22:03:00,120.816,19.042,0.06300000000000239,-0.1529999999999987,18.255022948970847
222,2023-12-25 09:50:00,120.753,19.195,0.06300000000000239,0.13100000000000023,15.999619376484002
223,2023-12-25 22:04:00,120.69,19.064,0.06300000000000239,-0.15700000000000003,18.669892294070504
224,2023-12-26 09:51:00,120.627,19.221,-0.06100000000000705,-0.15500000000000114,18.385729514475884
225,2023-12-26 22:05:00,120.688,19.376,-0.18599999999999284,0.40500000000000114,49.08838346532161
226,2023-12-27 09:51:00,120.874,18.971,0.18799999999998818,0.41100000000000136,49.80330418092009
227,2023-12-27 22:04:00,120.686,18.56,0.18900000000000716,-0.4490000000000016,53.74499080016963
228,2023-12-28 09:53:00,120.497,19.009,0.06399999999999295,0.12399999999999878,15.343358365573703
229,2023-12-28 22:06:00,120.433,18.885,0.06500000000001194,-0.16899999999999693,19.996407428666952
230,2023-12-29 09:54:00,120.368,19.054,-0.561000000000007,-1.2980000000000018,155.82115309688626
231,2023-12-29 22:07:00,120.929,20.352,0.3149999999999977,-0.7379999999999995,88.35943643782889
232,2023-12-30 09:50:00,120.614,21.09,0.5649999999999977,1.248000000000001,150.73725469536865
233,2023-12-30 22:10:00,120.049,19.842,-0.5599999999999881,1.251999999999999,151.12357198356275
234,2023-12-31 09:55:00,120.609,18.59,-0.9340000000000117,-2.1679999999999993,260.1479604205599
235,2023-12-31 22:06:00,121.543,20.758,0.1910000000000025,-0.4690000000000012,55.792797488757955
236,2024-01-01 09:48:00,121.352,21.227,0.3160000000000025,0.6799999999999997,82.43150170616836
237,2024-01-01 22:08:00,121.036,20.547,-0.057999999999992724,0.09499999999999886,12.168830455997044
238,2024-01-02 09:51:00,121.094,20.452,0.31699999999999307,0.6880000000000024,83.3557452178242
239,2024-01-02 22:08:00,120.777,19.764,-0.18299999999999272,0.3819999999999979,46.60306219338443
240,2024-01-03 09:54:00,120.96,19.382,0.06799999999999784,0.11600000000000321,14.74063308295128
241,2024-01-03 22:07:00,120.892,19.266,-0.05700000000000216,0.08999999999999986,11.660562516759677
242,2024-01-04 09:55:00,120.949,19.176,0.19299999999999784,0.4089999999999989,49.80155136657575
243,2024-01-04 22:07:00,120.756,18.767,0.06900000000000261,-0.20800000000000196,24.24124217162287
244,2024-01-05 09:57:00,120.687,18.975,-0.18000000000000682,-0.472999999999999,55.88809745575337
245,2024-01-05 22:08:00,120.867,19.448,0.3190000000000026,-0.8030000000000008,95.31911795656775
246,2024-01-06 09:56:00,120.548,20.251,0.19599999999999795,0.40500000000000114,49.46937901316704
247,2024-01-06 22:11:00,120.352,19.846,-0.3049999999999926,0.6670000000000016,80.76261510840328
248,2024-01-07 09:58:00,120.657,19.179,-0.17799999999999727,-0.48100000000000165,56.64858060238216
249,2024-01-07 22:09:00,120.835,19.66,0.19599999999999795,-0.527000000000001,62.078620982721304
250,2024-01-08 09:57:00,120.639,20.187,-0.3020000000000067,-0.782,92.46303743603592
251,2024-01-08 22:11:00,120.941,20.969,-0.4269999999999925,0.9550000000000018,115.12862046001607
252,2024-01-09 09:55:00,121.368,20.014,0.4479999999999933,1.0189999999999984,122.65181768843391
253,2024-01-09 22:08:00,120.92,18.995,0.07399999999999807,-0.24299999999999855,28.116641623816555
254,2024-01-10 09:59:00,120.846,19.238,0.07500000000000284,0.11599999999999966,15.113454131450453
255,2024-01-10 22:09:00,120.771,19.122,-0.17499999999999716,0.36299999999999955,44.3620855578488
256,2024-01-11 10:00:00,120.946,18.759,0.3259999999999934,0.740000000000002,89.18482554724484
257,2024-01-11 22:08:00,120.62,18.019,0.20100000000000762,-0.5680000000000014,66.62795488156564
258,2024-01-12 10:03:00,120.419,18.587,-0.2980000000000018,-0.8129999999999988,95.67705613554477
259,2024-01-12 22:10:00,120.717,19.4,0.20199999999999818,-0.5800000000000018,67.87185645500239
260,2024-01-13 10:01:00,120.515,19.98,0.07899999999999352,0.11500000000000199,15.222482510472446
261,2024-01-13 22:12:00,120.436,19.865,-0.42099999999999227,0.9799999999999969,117.57931061161075
262,2024-01-14 10:02:00,120.857,18.885,-0.2960000000000065,-0.8269999999999982,97.0632614620225
263,2024-01-14 22:09:00,121.153,19.712,0.20600000000000307,-0.6050000000000004,70.63193594409299
264,2024-01-15 10:00:00,120.947,20.317,-0.04399999999999693,-0.2010000000000005,22.81566596095942
265,2024-01-15 22:11:00,120.991,20.518,-0.16899999999999693,0.33800000000000097,41.50882296137207
266,2024-01-16 10:00:00,121.16,20.18,0.5829999999999984,1.411999999999999,168.48273029235708
267,2024-01-16 22:10:00,120.577,18.768,-0.04200000000000159,0.022000000000002018,5.053691853350132
268,2024-01-17 10:05:00,120.619,18.746,-0.16599999999999682,-0.5250000000000021,60.93009782268908
269,2024-01-17 22:10:00,120.785,19.271,0.08400000000000318,-0.31700000000000017,36.33271118949142
270,2024-01-18 10:04:00,120.701,19.588,-0.41500000000000625,-1.1899999999999977,139.22989492154858
271,2024-01-18 22:11:00,121.116,20.778,-0.1629999999999967,0.3269999999999982,40.12341217065095
272,2024-01-19 10:01:00,121.279,20.451,0.8359999999999985,2.1350000000000016,253.07626387043695
273,2024-01-19 22:10:00,120.443,18.316,0.21299999999999386,-0.6730000000000018,78.12633294662699
274,2024-01-20 10:08:00,120.23,18.989,-0.16199999999999193,-0.541999999999998,62.62084158744489
275,2024-01-20 22:12:00,120.392,19.531,-0.036000000000001364,-0.010000000000001563,3.9330287209564565
276,2024-01-21 10:07:00,120.428,19.541,-0.4099999999999966,-1.2330000000000005,143.62747572697972
277,2024-01-21 22:12:00,120.838,20.774,-0.15900000000000603,0.31700000000000017,38.93979209277775
278,2024-01-22 10:04:00,120.997,20.457,-0.034000000000006025,-0.21300000000000097,23.947571700238775
279,2024-01-22 22:11:00,121.031,20.67,-0.6569999999999965,1.7190000000000012,203.124566508101
280,2024-01-23 10:04:00,121.688,18.951,0.09300000000000352,0.1490000000000009,19.24176474341578
281,2024-01-23 22:06:00,121.595,18.802,0.4689999999999941,-1.4529999999999994,168.87639415025487
282,2024-01-24 10:05:00,121.126,20.255,0.5940000000000083,1.5790000000000006,186.29274046711268
283,2024-01-24 22:10:00,120.532,18.676,0.09599999999998943,-0.3990000000000009,45.502018729497046
284,2024-01-25 10:10:00,120.436,19.075,-0.15399999999999636,-0.5730000000000004,65.73098122372585
285,2024-01-25 22:11:00,120.59,19.648,-0.277000000000001,0.6849999999999987,81.52692046202581
286,2024-01-26 10:09:00,120.867,18.963,0.347999999999999,0.9080000000000013,107.4260653303816
287,2024-01-26 22:09:00,120.519,18.055,0.09900000000000375,-0.4230000000000018,48.18309404903077
288,2024-01-27 10:12:00,120.42,18.478,-0.15099999999999625,-0.5849999999999973,66.96343827850053
289,2024-01-27 22:10:00,120.571,19.063,0.10099999999999909,-0.4440000000000026,50.49575119498561
290,2024-01-28 10:11:00,120.47,19.507,0.10099999999999909,0.1680000000000028,21.474425578495037
291,2024-01-28 22:11:00,120.369,19.339,0.10299999999999443,-0.46199999999999974,52.49326659640574
292,2024-01-29 10:12:00,120.266,19.801,-0.14699999999999136,-0.6070000000000029,69.21869335608254
293,2024-01-29 22:12:00,120.413,20.408,-0.2710000000000008,0.6910000000000025,81.88344563859991
294,2024-01-30 10:11:00,120.684,19.717,0.23000000000000398,0.5749999999999993,68.33476616430363
295,2024-01-30 22:10:00,120.454,19.142,-0.019000000000005457,-0.0920000000000023,10.422710122030882
296,2024-01-31 10:13:00,120.473,19.234,-0.39400000000000546,-1.4289999999999985,164.1471185547377
297,2024-01-31 22:10:00,120.867,20.663,-0.016999999999995907,-0.11700000000000088,13.129394430993452
298,2024-02-01 10:10:00,120.884,20.78,-0.016999999999995907,-0.23199999999999932,25.857598810485577
299,2024-02-01 22:10:00,120.901,21.012,-0.14100000000000534,0.2839999999999989,34.811966424843654
300,2024-02-02 10:10:00,121.042,20.728,0.6099999999999994,1.870000000000001,217.50739519704152
301,2024-02-02 22:09:00,120.432,18.858,-0.2639999999999958,0.7360000000000007,86.44509911705775
302,2024-02-03 10:15:00,120.696,18.122,0.11199999999999477,0.22299999999999898,27.479725266615905
303,2024-02-03 22:07:00,120.584,17.899,-0.012999999999991019,-0.12199999999999989,13.635296250272683
304,2024-02-04 10:16:00,120.597,18.021,-0.2610000000000099,-1.096,124.93612102472801
305,2024-02-04 22:07:00,120.858,19.117,0.23900000000000432,-1.036999999999999,117.99442694687487
306,2024-02-05 10:14:00,120.619,20.154,-0.010000000000005116,-0.23400000000000176,26.040512013155578
307,2024-02-05 22:09:00,120.629,20.388,-0.13400000000000034,0.28200000000000003,34.33196067455155
308,2024-02-06 10:14:00,120.763,20.106,0.36700000000000443,1.1460000000000008,133.10653295823118
309,2024-02-06 22:08:00,120.396,18.96,-0.13299999999999557,0.2989999999999995,36.07429369244613
310,2024-02-07 10:17:00,120.529,18.661,-0.2560000000000002,-1.1679999999999993,132.62703688834205
311,2024-02-07 22:07:00,120.785,19.829,0.24399999999999977,-1.1460000000000008,129.94184100745167
312,2024-02-08 10:15:00,120.541,20.975,-0.005000000000009663,-0.25,27.803570444885608
313,2024-02-08 22:09:00,120.546,21.225,-0.2539999999999907,0.7510000000000012,87.57920660795983
314,2024-02-09 10:15:00,120.8,20.474,-0.1280000000000001,-0.7409999999999997,83.46216079755415
315,2024-02-09 22:07:00,120.928,21.215,-0.0020000000000095497,-0.23999999999999844,26.68758635242643
316,2024-02-10 10:14:00,120.93,21.455,0.7480000000000047,2.794999999999998,320.4571465228598
317,2024-02-10 22:07:00,120.182,18.66,-0.25,0.8200000000000003,94.92486541864045
318,2024-02-11 10:20:00,120.432,17.84,0.0,-0.2190000000000012,24.351688935158496
319,2024-02-11 22:05:00,120.432,18.059,0.2510000000000048,-1.3000000000000007,146.95055034296908
320,2024-02-12 10:20:00,120.181,19.359,0.000999999999990564,-0.24199999999999733,26.909376439401317
321,2024-02-12 22:07:00,120.18,19.601,-0.7469999999999999,3.044999999999998,347.67119336401186
322,2024-02-13 10:20:00,120.927,16.556,0.0030000000000001137,-0.20400000000000063,22.686016193710074
323,2024-02-13 22:01:00,120.924,16.76,0.5040000000000049,-2.5219999999999985,285.4514732452217
324,2024-02-14 10:20:00,120.42,19.282,0.0049999999999954525,-0.2469999999999999,27.47015248669597
325,2024-02-14 22:05:00,120.415,19.529,0.005000000000009663,-0.3049999999999997,75.86901609949312
326,2024-02-16 22:03:00,120.513,18.853,0.13300000000000978,-0.9629999999999974,107.98616163836076
327,2024-02-17 10:21:00,120.38,19.816,-0.1150000000000091,-0.9060000000000024,101.45423479814521
328,2024-02-17 22:04:00,120.495,20.722,-0.11499999999999488,0.25800000000000267,31.08547187078759
329,2024-02-18 10:20:00,120.61,20.464,0.13599999999999568,0.37599999999999767,44.15022494451496
330,2024-02-18 22:03:00,120.474,20.088,-0.3639999999999901,1.6240000000000023,184.57761405968546
331,2024-02-19 10:21:00,120.838,18.464,0.012000000000000455,-0.2530000000000001,389.7149878528108
332,2024-02-20 10:21:00,120.313,21.934,-0.1110000000000042,-1.0429999999999993,116.53588802340879
333,2024-02-20 22:04:00,120.424,22.977,-0.36099999999999,1.6690000000000005,189.2718097075171
334,2024-02-21 10:20:00,120.785,21.308,-0.23499999999999943,-1.818999999999999,203.70485979848942
335,2024-02-21 22:01:00,121.02,23.127,0.015999999999991132,-0.5620000000000012,62.51287331889598
336,2024-02-22 10:18:00,121.004,23.689,0.016000000000005343,-0.39099999999999824,43.507639271349355
337,2024-02-22 22:01:00,120.988,24.08,-0.10800000000000409,0.17599999999999838,22.435920005799513
338,2024-02-23 10:18:00,121.096,23.904,0.5170000000000101,2.873000000000001,196.4296346865808
339,2024-02-25 21:58:00,120.877,22.149,-0.2289999999999992,1.1660000000000004,131.79809480945656
340,2024-02-26 10:21:00,121.106,20.983,0.021000000000000796,-0.3810000000000002,573.9445193812313
341,2024-02-28 21:58:00,120.745,26.134,-0.10099999999999909,0.08500000000000085,1597.9150101843568
342,2024-04-11 21:02:00,126.433,12.795,0.03200000000001069,0.40300000000000047,44.945907658188275
343,2024-04-12 10:08:00,126.401,12.392,0.4059999999999917,-1.8200000000000003,207.08825831394725
