,index,First,Longitude,Latitude,Longitude_difference,Latitude_difference,Month,class
0,0,2023-06-09 02:18:53,-80.178,51.083,-116.90799999999999,123.341,6,1.0
1,1,2023-06-09 08:20:53,36.73,-72.258,-91.537,-98.09,6,1.0
2,2,2023-06-10 10:43:53,128.267,25.832,0.5999999999999943,-0.9149999999999991,6,1.0
3,3,2023-06-10 20:08:53,127.667,26.747,-0.7750000000000057,-1.1600000000000001,6,1.0
4,4,2023-06-11 10:48:53,128.442,27.907,0.47400000000000375,-0.6780000000000008,6,1.0
5,5,2023-06-11 20:02:53,127.968,28.585,0.8490000000000038,1.3240000000000016,6,1.0
6,6,2023-06-12 10:52:53,127.119,27.261,0.10099999999999909,-0.12300000000000111,6,1.0
7,7,2023-06-12 20:09:53,127.018,27.384,0.3509999999999991,0.5740000000000016,6,1.0
8,8,2023-06-13 10:53:54,126.667,26.81,10.472999999999999,-13.203,6,1.0
9,9,2023-06-13 20:12:54,116.194,40.013,-0.652000000000001,-0.6140000000000043,6,1.0
10,10,2023-06-14 12:17:54,116.846,40.627,-9.899999999999991,12.041000000000004,6,1.0
11,11,2023-06-14 20:07:54,126.746,28.586,-1.1510000000000105,-1.6410000000000018,6,1.0
12,12,2023-06-15 10:58:54,127.897,30.227,-0.15200000000000102,0.23700000000000188,6,1.0
13,13,2023-06-15 19:58:54,128.049,29.99,0.2230000000000132,0.33899999999999864,6,1.0
14,14,2023-06-16 10:57:54,127.826,29.651,-0.7750000000000057,1.1460000000000008,6,1.0
15,15,2023-06-16 20:00:54,128.601,28.505,1.9749999999999943,3.0529999999999973,6,1.0
16,16,2023-06-17 10:51:55,126.626,25.452,1.222999999999999,-1.8939999999999984,6,1.0
17,17,2023-06-17 20:16:55,125.403,27.346,-2.027000000000001,-2.951999999999998,6,1.0
18,18,2023-06-18 11:01:55,127.43,30.298,-0.4019999999999868,0.5799999999999983,6,1.0
19,19,2023-06-18 20:00:55,127.832,29.718,0.597999999999999,0.8709999999999987,6,1.0
20,20,2023-06-19 10:58:55,127.234,28.847,-0.1530000000000058,0.23000000000000043,6,1.0
21,21,2023-06-19 20:05:55,127.387,28.617,-0.027000000000001023,-0.03500000000000014,6,1.0
22,22,2023-06-20 10:57:55,127.414,28.652,0.22500000000000853,-0.3260000000000005,6,1.0
23,23,2023-06-20 20:05:55,127.189,28.978,-0.2750000000000057,-0.39699999999999847,6,1.0
24,24,2023-06-21 10:59:56,127.464,29.375,0.847999999999999,-1.1999999999999993,6,1.0
25,25,2023-06-21 20:03:56,126.616,30.575,0.0969999999999942,0.13299999999999912,6,1.0
26,26,2023-06-22 11:06:56,126.519,30.442,0.09799999999999898,-0.14099999999999824,6,1.0
27,27,2023-06-22 20:04:56,126.421,30.583,0.4730000000000132,0.657,6,1.0
28,28,2023-06-23 11:07:56,125.948,29.926,-0.652000000000001,0.9269999999999996,6,1.0
29,29,2023-06-23 20:08:56,126.6,28.999,1.9749999999999943,2.9800000000000004,6,1.0
30,30,2023-06-24 11:02:56,124.625,26.019,-0.7740000000000009,1.225999999999999,6,1.0
31,31,2023-06-24 20:24:57,125.399,24.793,-1.6509999999999962,-2.6090000000000018,6,1.0
32,32,2023-06-25 10:56:57,127.05,27.402,0.22299999999999898,-0.3550000000000004,6,1.0
33,33,2023-06-25 20:11:57,126.827,27.757,-0.5259999999999962,-0.8039999999999985,6,1.0
34,34,2023-06-26 10:58:57,127.353,28.561,-0.5260000000000105,0.7659999999999982,6,1.0
35,35,2023-06-26 20:07:57,127.879,27.795,-0.27599999999999625,-0.43599999999999994,6,1.0
36,36,2023-06-27 10:54:57,128.155,28.231,0.9740000000000038,-1.450999999999997,6,1.0
37,37,2023-06-27 20:05:57,127.181,29.682,0.2259999999999991,0.29999999999999716,6,1.0
38,38,2023-06-28 11:02:57,126.955,29.382,-0.39799999999999613,0.554000000000002,6,1.0
39,39,2023-06-28 20:07:58,127.353,28.828,3.9739999999999895,6.318999999999999,6,1.0
40,40,2023-06-29 10:59:58,123.379,22.509,-0.8999999999999915,1.5489999999999995,6,1.0
41,41,2023-06-29 20:39:58,124.279,20.96,-1.524000000000001,-2.6709999999999994,6,1.0
42,42,2023-06-30 10:52:58,125.803,23.631,1.2249999999999943,-2.0519999999999996,6,1.0
43,43,2023-06-30 20:27:58,124.578,25.683,-1.774000000000001,-2.7920000000000016,6,1.0
44,44,2023-07-01 11:02:58,126.352,28.475,-0.5240000000000009,0.7550000000000026,7,1.0
45,45,2023-07-01 20:13:58,126.876,27.72,2.2280000000000086,3.5329999999999977,7,1.0
46,46,2023-07-02 10:58:58,124.648,24.187,0.7289999999999992,-1.2449999999999974,7,1.0
47,47,2023-07-02 20:31:59,123.919,25.432,-1.5229999999999961,-2.4520000000000017,7,1.0
48,48,2023-07-03 11:04:59,125.442,27.884,0.35199999999998965,-0.5839999999999996,7,1.0
49,49,2023-07-03 20:19:59,125.09,28.468,3.3530000000000086,5.3870000000000005,7,1.0
50,50,2023-07-04 11:07:59,121.737,23.081,1.3519999999999897,-2.3290000000000006,7,1.0
51,51,2023-07-04 20:46:59,120.385,25.41,-5.271000000000001,-7.852,7,1.0
52,52,2023-07-05 11:18:59,125.656,33.262,-1.5210000000000008,2.022000000000002,7,1.0
53,53,2023-07-05 20:04:59,127.177,31.24,1.9810000000000088,2.8599999999999994,7,1.0
54,54,2023-07-06 11:06:59,125.196,28.38,-0.5190000000000055,0.7459999999999987,7,1.0
55,55,2023-07-06 20:21:00,125.715,27.634,0.480000000000004,0.7020000000000017,7,1.0
56,56,2023-07-07 11:03:00,125.235,26.932,-0.519999999999996,0.782,7,1.0
57,57,2023-07-07 20:25:00,125.755,26.15,-0.26900000000000546,-0.5010000000000012,7,1.0
58,58,2023-07-08 10:59:00,126.024,26.651,-0.019000000000005457,-0.03399999999999892,7,1.0
59,59,2023-07-08 20:23:00,126.043,26.685,-0.39399999999999125,-0.7010000000000005,7,1.0
60,60,2023-07-09 10:59:00,126.437,27.386,-0.14300000000000068,0.1609999999999978,7,1.0
61,61,2023-07-09 20:20:00,126.58,27.225,0.10899999999999466,0.10700000000000287,7,1.0
62,62,2023-07-10 10:58:00,126.471,27.118,1.8599999999999994,-2.9810000000000016,7,1.0
63,63,2023-07-10 20:21:01,124.611,30.099,-0.6419999999999959,-1.0300000000000011,7,1.0
64,64,2023-07-11 11:13:01,125.253,31.129,-1.7660000000000053,2.607000000000003,7,1.0
65,65,2023-07-11 20:16:01,127.019,28.522,1.1090000000000089,1.7159999999999975,7,1.0
66,66,2023-07-12 10:59:01,125.91,26.806,-0.39000000000000057,0.5740000000000016,7,1.0
67,67,2023-07-12 20:25:01,126.3,26.232,-0.14000000000000057,-0.31599999999999895,7,1.0
68,68,2023-07-13 10:56:01,126.44,26.548,0.6099999999999994,-1.0980000000000025,7,1.0
69,69,2023-07-13 20:24:01,125.83,27.646,0.36299999999999955,0.5139999999999993,7,1.0
70,70,2023-07-14 11:01:01,125.467,27.132,0.23900000000000432,-0.48499999999999943,7,1.0
71,71,2023-07-14 20:27:02,125.228,27.617,-0.6380000000000052,-1.131999999999998,7,1.0
72,72,2023-07-15 11:03:02,125.866,28.749,-0.26200000000000045,0.3309999999999995,7,1.0
73,73,2023-07-15 20:22:02,126.128,28.418,-0.13700000000000045,-0.3180000000000014,7,1.0
74,74,2023-07-16 11:01:02,126.265,28.736,-2.01100000000001,3.3240000000000016,7,1.0
75,75,2023-07-16 20:21:02,128.276,25.412,0.8640000000000043,1.471,7,1.0
76,76,2023-07-17 10:45:02,127.412,23.941,2.8670000000000044,-5.084,7,1.0
77,77,2023-07-17 20:28:02,124.545,29.025,0.49200000000000443,0.7089999999999996,7,1.0
78,78,2023-07-18 11:08:03,124.053,28.316,-1.6340000000000003,2.733999999999998,7,1.0
79,79,2023-07-18 20:32:03,125.687,25.582,-0.5079999999999956,-1.0090000000000003,7,1.0
80,80,2023-07-19 10:55:03,126.195,26.591,0.3669999999999902,-0.7509999999999977,7,1.0
81,81,2023-07-19 20:28:03,125.828,27.342,-0.006999999999990791,-0.12199999999999989,7,1.0
82,82,2023-07-20 10:58:03,125.835,27.464,8.867999999999995,-12.820999999999998,7,1.0
83,83,2023-07-20 20:28:03,116.967,40.285,2.617999999999995,3.0899999999999963,7,1.0
84,84,2023-07-21 12:09:03,114.349,37.195,-9.628,15.774999999999999,7,1.0
85,85,2023-07-21 20:49:03,123.977,21.42,-1.1280000000000001,-2.3459999999999965,7,1.0
86,86,2023-07-22 10:52:04,125.105,23.766,-0.12899999999999068,0.14099999999999824,7,1.0
87,87,2023-07-22 20:40:04,125.234,23.625,-1.2540000000000049,-2.5070000000000014,7,1.0
88,88,2023-07-23 10:51:04,126.488,26.132,0.4969999999999999,-1.036999999999999,7,1.0
89,89,2023-07-23 20:30:04,125.991,27.169,0.37300000000000466,0.559000000000001,7,1.0
90,90,2023-07-24 10:55:04,125.618,26.61,-0.25200000000000955,0.3440000000000012,7,1.0
91,91,2023-07-24 20:33:04,125.87,26.266,-0.12699999999999534,-0.365000000000002,7,1.0
92,92,2023-07-25 10:53:04,125.997,26.631,0.5019999999999953,-1.0629999999999988,7,1.0
93,93,2023-07-25 20:32:04,125.495,27.694,-0.12299999999999045,-0.3620000000000019,7,1.0
94,94,2023-07-26 10:57:05,125.618,28.056,12.25,-17.031000000000002,7,1.0
95,95,2023-07-26 20:31:05,113.368,45.087,0.12699999999999534,-0.028999999999996362,7,1.0
96,96,2023-07-27 12:35:05,113.241,45.116,-13.123999999999995,18.523,7,1.0
97,97,2023-07-27 20:32:05,126.365,26.593,0.2530000000000001,0.3500000000000014,7,1.0
98,98,2023-07-28 10:50:05,126.112,26.243,13.378,-19.357000000000003,7,1.0
99,99,2023-07-28 20:34:05,112.734,45.6,-0.8710000000000093,-1.0219999999999985,7,1.0
100,100,2023-07-29 12:37:05,113.605,46.622,-12.869,17.301,7,1.0
101,101,2023-07-29 20:27:05,126.474,29.321,0.257000000000005,0.32200000000000273,7,1.0
102,102,2023-07-30 10:54:06,126.217,28.999,9.506,-14.312999999999999,7,1.0
103,103,2023-07-30 20:29:06,116.711,43.312,-0.6189999999999998,-0.8780000000000001,7,1.0
104,104,2023-07-31 12:10:06,117.33,44.19,3.382000000000005,-3.6480000000000032,7,1.0
105,105,2023-07-31 20:24:06,113.948,47.838,1.0079999999999956,0.7920000000000016,7,1.0
106,106,2023-08-01 12:37:06,112.94,47.046,-5.992000000000004,6.750999999999998,8,1.0
107,107,2023-08-01 20:32:06,118.932,40.295,0.25799999999999557,0.16400000000000148,8,1.0
108,108,2023-08-02 11:49:06,118.674,40.131,2.3870000000000005,-3.253,8,1.0
109,109,2023-08-02 20:34:06,116.287,43.384,-0.48799999999999955,-0.7700000000000031,8,1.0
110,110,2023-08-03 12:08:07,116.775,44.154,1.26100000000001,-1.6239999999999952,8,1.0
111,111,2023-08-03 20:30:07,115.514,45.778,0.5109999999999957,0.3719999999999999,8,1.0
112,112,2023-08-04 12:18:07,115.003,45.406,-9.988,14.722999999999999,8,1.0
113,113,2023-08-04 20:34:07,124.991,30.683,0.13700000000000045,0.0779999999999994,8,1.0
114,114,2023-08-05 10:58:07,124.854,30.605,12.388999999999996,-17.796000000000003,8,1.0
115,115,2023-08-05 20:35:07,112.465,48.401,0.26400000000001,0.06099999999999994,8,1.0
116,116,2023-08-06 12:37:07,112.201,48.34,-12.734000000000009,18.370000000000005,8,1.0
117,117,2023-08-06 20:37:07,124.935,29.97,0.1419999999999959,0.09299999999999997,8,1.0
118,118,2023-08-07 10:55:08,124.793,29.877,2.5160000000000053,-5.056999999999999,8,1.0
119,119,2023-08-07 20:38:08,122.277,34.934,1.2660000000000053,2.141999999999996,8,1.0
120,120,2023-08-08 11:15:08,121.011,32.792,-6.109000000000009,13.950000000000003,8,1.0
121,121,2023-08-08 20:48:08,127.12,18.842,1.2680000000000007,3.429999999999998,8,1.0
122,122,2023-08-09 10:26:08,125.852,15.412,1.7680000000000007,-5.124999999999998,8,1.0
123,123,2023-08-09 20:58:08,124.084,20.537,-2.2309999999999945,-5.842000000000002,8,1.0
124,124,2023-08-10 10:40:08,126.315,26.379,-0.6039999999999992,1.2620000000000005,8,1.0
125,125,2023-08-10 20:40:08,126.919,25.117,0.7719999999999914,1.7590000000000003,8,1.0
126,126,2023-08-11 10:35:09,126.147,23.358,0.27000000000001023,-0.9009999999999998,8,1.0
127,127,2023-08-11 20:46:09,125.877,24.259,-0.2289999999999992,-0.7940000000000005,8,1.0
128,128,2023-08-12 10:37:09,126.106,25.053,0.02199999999999136,-0.26899999999999835,8,1.0
129,129,2023-08-12 20:44:09,126.084,25.322,-0.35299999999999443,-1.1129999999999995,8,1.0
130,130,2023-08-13 10:37:09,126.437,26.435,3.147999999999996,-7.4360000000000035,8,1.0
131,131,2023-08-13 20:41:09,123.289,33.871,0.1490000000000009,0.05799999999999983,8,1.0
132,132,2023-08-14 11:02:09,123.14,33.813,-0.47400000000000375,0.7540000000000049,8,1.0
133,133,2023-08-14 20:42:09,123.614,33.059,0.6510000000000105,1.1849999999999987,8,1.0
134,134,2023-08-15 10:58:10,122.963,31.874,-1.8500000000000085,4.209,8,1.0
135,135,2023-08-15 20:47:10,124.813,27.665,0.025000000000005684,-0.17999999999999972,8,1.0
136,136,2023-08-16 10:43:10,124.788,27.845,1.277000000000001,-3.418000000000003,8,1.0
137,137,2023-08-16 20:47:10,123.511,31.263,0.15099999999999625,0.09700000000000131,8,1.0
138,138,2023-08-17 10:53:10,123.36,31.166,-1.972999999999999,4.837,8,1.0
139,139,2023-08-17 20:48:10,125.333,26.329,-0.2220000000000084,-0.8670000000000009,8,1.0
140,140,2023-08-18 10:37:10,125.555,27.196,-0.5949999999999989,1.4080000000000013,8,1.0
141,141,2023-08-18 20:46:10,126.15,25.788,0.2810000000000059,0.559000000000001,8,1.0
142,142,2023-08-19 10:32:11,125.869,25.229,-0.22100000000000364,0.3979999999999997,8,1.0
143,143,2023-08-19 20:48:11,126.09,24.831,-0.09600000000000364,-0.5480000000000018,8,1.0
144,144,2023-08-20 10:30:11,126.186,25.379,3.406000000000006,-9.341999999999995,8,1.0
145,145,2023-08-20 20:47:11,122.78,34.721,-0.09399999999999409,-0.527000000000001,8,1.0
146,146,2023-08-21 10:57:11,122.874,35.248,2.9059999999999917,-6.399000000000001,8,1.0
147,147,2023-08-21 20:46:11,119.968,41.647,0.7819999999999965,1.186,8,1.0
148,148,2023-08-22 11:20:11,119.186,40.461,-6.716999999999999,17.192999999999998,8,1.0
149,149,2023-08-22 20:52:11,125.903,23.268,2.035000000000011,7.157,8,1.0
150,150,2023-08-23 10:26:12,123.868,16.111,0.03300000000000125,-0.352999999999998,8,1.0
151,151,2023-08-23 21:08:12,123.835,16.464,-1.967000000000013,-7.530000000000001,8,1.0
152,152,2023-08-24 10:26:12,125.802,23.994,-0.21599999999999397,0.45899999999999963,8,1.0
153,153,2023-08-24 20:52:12,126.018,23.535,0.034000000000006025,-0.1739999999999995,8,1.0
154,154,2023-08-25 10:24:12,125.984,23.709,-0.4650000000000034,1.3949999999999996,8,1.0
155,155,2023-08-25 20:52:12,126.449,22.314,-0.08800000000000807,-0.6239999999999988,8,1.0
156,156,2023-08-26 10:20:12,126.537,22.938,0.16200000000000614,-0.9100000000000001,8,1.0
157,157,2023-08-26 20:51:13,126.375,23.848,0.036000000000001364,-0.18400000000000105,8,1.0
158,158,2023-08-27 10:21:13,126.339,24.032,-1.0889999999999986,3.975999999999999,8,1.0
159,159,2023-08-27 20:51:13,127.428,20.056,0.6619999999999919,2.556000000000001,8,1.0
160,160,2023-08-28 10:12:13,126.766,17.5,1.1620000000000061,-5.225000000000001,8,1.0
161,161,2023-08-28 20:56:13,125.604,22.725,2.1629999999999967,9.420000000000002,8,1.0
162,162,2023-08-29 10:21:13,123.441,13.305,0.1629999999999967,-1.0540000000000003,8,1.0
163,163,2023-08-29 21:13:13,123.278,14.359,-1.8349999999999937,-8.699,8,1.0
164,164,2023-08-30 10:22:13,125.113,23.058,0.2909999999999968,-1.5620000000000012,8,1.0
165,165,2023-08-30 20:58:14,124.822,24.62,-0.4620000000000033,-2.227999999999998,8,1.0
166,166,2023-08-31 10:24:14,125.284,26.848,1.0400000000000063,-4.287000000000003,8,1.0
167,167,2023-08-31 20:54:14,124.244,31.135,3.1650000000000063,13.026,8,1.0
168,168,2023-09-01 10:32:14,121.079,18.109,0.16399999999998727,-1.1609999999999978,9,1.0
169,169,2023-09-01 21:19:14,120.915,19.27,1.291000000000011,6.686999999999999,9,1.0
170,170,2023-09-02 10:33:14,119.624,12.583,-1.835000000000008,11.903,9,1.0
171,171,2023-09-02 21:29:14,121.459,0.68,0.04200000000000159,0.28500000000000003,9,1.0
172,172,2023-09-03 10:18:14,121.417,0.395,1.168999999999997,-8.458,9,1.0
173,173,2023-09-03 21:29:15,120.248,8.853,0.16600000000001103,0.931,9,1.0
174,174,2023-09-04 10:27:15,120.082,7.922,0.2909999999999968,-2.245,9,1.0
175,175,2023-09-04 21:30:15,119.791,10.167,-0.4579999999999984,-3.359,9,1.0
176,176,2023-09-05 10:29:15,120.249,13.526,-1.2090000000000032,8.484,9,1.0
177,177,2023-09-05 21:26:15,121.458,5.042,0.04200000000000159,0.18900000000000006,9,1.0
178,178,2023-09-06 10:19:15,121.416,4.853,-0.08200000000000784,0.5439999999999996,9,1.0
179,179,2023-09-06 21:26:15,121.498,4.309,0.04400000000001114,0.2469999999999999,9,1.0
180,180,2023-09-07 10:18:15,121.454,4.062,0.4199999999999875,-3.7989999999999995,9,1.0
181,181,2023-09-07 21:26:16,121.034,7.861,0.16800000000000637,1.2219999999999995,9,1.0
182,182,2023-09-08 10:21:16,120.866,6.639,-0.33199999999999363,2.9000000000000004,9,1.0
183,183,2023-09-08 21:27:16,121.198,3.739,0.6689999999999969,7.05,9,1.0
184,184,2023-09-09 10:18:16,120.529,-3.311,-0.5820000000000078,7.682,9,1.0
185,185,2023-09-09 21:32:16,121.111,-10.993,-0.08199999999999363,-0.6760000000000002,9,1.0
186,186,2023-09-10 10:13:16,121.193,-10.317,1.543999999999997,-18.637999999999998,9,1.0
187,187,2023-09-10 21:31:16,119.649,8.321,-0.8289999999999935,-8.046000000000001,9,1.0
188,188,2023-09-11 10:25:16,120.478,16.367,-0.5790000000000077,4.846,9,1.0
189,189,2023-09-11 21:24:17,121.057,11.521,0.04399999999999693,0.03300000000000125,9,1.0
190,190,2023-09-12 10:20:17,121.013,11.488,0.29400000000001114,-3.4139999999999997,9,1.0
191,191,2023-09-12 21:24:17,120.719,14.902,0.2949999999999875,2.520999999999999,9,1.0
192,192,2023-09-13 10:22:17,120.424,12.381,-0.08099999999998886,0.41600000000000037,9,1.0
193,193,2023-09-13 21:26:17,120.505,11.965,0.04399999999999693,0.0259999999999998,9,1.0
194,194,2023-09-14 10:21:17,120.461,11.939,-0.9549999999999983,14.008,9,1.0
195,195,2023-09-15 21:32:18,120.073,-8.836,-0.7050000000000125,-15.592,9,1.0
196,196,2023-09-16 10:17:18,120.778,6.756,4.420000000000002,-37.64,9,1.0
197,197,2023-09-16 21:26:18,116.358,44.396,-16.459000000000003,-27.647999999999996,9,1.0
198,198,2023-09-17 10:52:18,132.817,72.044,-5.331999999999994,3.6229999999999905,9,1.0
199,199,2023-09-17 19:14:18,138.149,68.421,11.548000000000002,23.315000000000005,9,1.0
200,200,2023-09-18 10:09:18,126.601,45.106,0.41899999999999693,-2.772999999999996,9,1.0
201,201,2023-09-18 20:46:18,126.182,47.879,1.296999999999997,5.296999999999997,9,1.0
202,202,2023-09-19 10:12:18,124.885,42.582,-0.7029999999999887,3.2749999999999986,9,1.0
203,203,2023-09-21 21:30:19,106.031,70.641,0.04400000000001114,-0.5330000000000013,9,1.0
204,204,2023-09-23 21:29:20,118.479,-31.747,-23.212000000000003,45.355000000000004,9,1.0
205,205,2023-09-24 10:27:20,141.691,-77.102,-2.8319999999999936,-1.6300000000000097,9,1.0
206,206,2023-09-24 18:23:20,144.523,-75.472,1.4189999999999827,-1.1779999999999973,9,1.0
207,207,2023-09-25 10:04:20,143.104,-74.294,0.29300000000000637,-0.26899999999999125,9,1.0
208,208,2023-09-25 18:34:20,142.811,-74.025,15.297000000000011,-22.921000000000006,9,1.0
209,209,2023-09-26 10:06:20,127.514,-51.104,42.42999999999999,29.522000000000006,9,1.0
210,210,2023-09-26 20:36:20,85.084,-80.626,-3.081000000000003,0.11599999999999966,9,1.0
211,211,2023-09-27 15:45:21,88.165,-80.742,-21.58699999999999,-4.503,9,1.0
212,212,2023-09-27 20:11:21,109.752,-76.239,9.668999999999997,-5.160000000000011,9,1.0
213,213,2023-09-29 10:02:21,125.88,-33.455,2.6670000000000016,12.728000000000002,9,1.0
214,214,2023-09-29 20:51:21,123.213,-46.183,0.6659999999999968,-3.5489999999999995,9,1.0
215,215,2023-09-30 10:23:21,122.547,-42.634,-2.832000000000008,-18.025,9,1.0
216,216,2023-09-30 20:56:21,125.379,-24.609,-8.708999999999989,33.357,9,1.0
217,217,2023-10-01 10:00:22,134.088,-57.966,-0.585000000000008,-1.7390000000000043,10,1.0
218,218,2023-10-01 19:46:22,134.673,-56.227,3.165999999999997,-8.660999999999994,10,1.0
219,219,2023-10-02 09:55:22,131.507,-47.566,0.16499999999999204,-0.17099999999999937,10,1.0
220,220,2023-10-03 21:28:22,103.133,-62.897,0.5390000000000015,-1.117999999999995,10,1.0
221,221,2023-10-05 09:57:23,147.648,-68.49,0.1629999999999825,-0.26200000000000045,10,1.0
222,222,2023-10-05 17:58:23,147.485,-68.228,25.54300000000002,-88.729,10,1.0
223,223,2023-10-06 09:58:23,121.942,20.501,0.03699999999999193,1.6159999999999997,10,1.0
224,224,2023-10-06 21:22:23,121.905,18.885,0.5360000000000014,-7.007999999999999,10,1.0
225,225,2023-10-07 09:58:23,121.369,25.893,-0.46399999999999864,-5.695999999999998,10,1.0
226,226,2023-10-07 21:26:23,121.833,31.589,-23.968999999999994,96.086,10,1.0
227,227,2023-10-08 09:54:23,145.802,-64.497,0.28700000000000614,-0.1419999999999959,10,1.0
228,228,2023-10-08 18:14:23,145.515,-64.355,24.541999999999987,-95.10900000000001,10,1.0
229,229,2023-10-09 09:56:24,120.973,30.754,-0.21599999999999397,-1.2759999999999998,10,1.0
230,230,2023-10-09 21:30:24,121.189,32.03,0.6589999999999918,-6.332999999999998,10,1.0
231,231,2023-10-10 09:54:24,120.53,38.363,-0.5919999999999987,-4.872,10,1.0
232,232,2023-10-10 21:35:24,121.122,43.235,-0.21699999999999875,4.063000000000002,10,1.0
233,233,2023-10-11 09:49:24,121.339,39.172,0.4069999999999965,5.57,10,1.0
234,234,2023-10-11 21:33:24,120.932,33.602,-0.3430000000000035,4.4709999999999965,10,1.0
235,235,2023-10-12 09:52:24,121.275,29.131,0.034000000000006025,1.2560000000000002,10,1.0
236,236,2023-10-12 21:30:24,121.241,27.875,0.031999999999996476,0.5760000000000005,10,1.0
237,237,2023-10-13 09:52:25,121.209,27.299,14.033000000000001,72.033,10,1.0
238,238,2023-10-13 21:30:25,107.176,-44.734,-0.09600000000000364,-0.23400000000000176,10,1.0
239,239,2023-10-14 11:44:25,107.272,-44.5,-14.097999999999999,-69.295,10,1.0
240,240,2023-10-14 21:29:25,121.37,24.795,0.5290000000000106,-3.424999999999997,10,1.0
241,241,2023-10-15 09:51:25,120.841,28.22,-0.472999999999999,-2.777000000000001,10,1.0
242,242,2023-10-15 21:33:25,121.314,30.997,-0.2220000000000084,2.3859999999999992,10,1.0
243,243,2023-10-16 09:47:25,121.536,28.611,0.9039999999999964,7.091000000000001,10,1.0
244,244,2023-10-16 21:31:25,120.632,21.52,0.2780000000000058,-1.4320000000000022,10,1.0
245,245,2023-10-17 09:54:26,120.354,22.952,-0.4749999999999943,-2.6769999999999996,10,1.0
246,246,2023-10-17 21:33:26,120.829,25.629,0.2749999999999915,-1.225999999999999,10,1.0
247,247,2023-10-18 09:50:26,120.554,26.855,-0.6009999999999991,-3.198999999999998,10,1.0
248,248,2023-10-18 21:35:26,121.155,30.054,-1.8520000000000039,12.129999999999999,10,1.0
249,249,2023-10-19 09:45:26,123.007,17.924,0.27300000000001035,2.0169999999999995,10,1.0
250,250,2023-10-19 21:20:26,122.734,15.907,-3.1030000000000086,17.994,10,1.0
251,251,2023-10-20 09:47:26,125.837,-2.087,19.025999999999996,51.358,10,1.0
252,252,2023-10-20 20:55:26,106.811,-53.445,-3.3519999999999897,3.2239999999999966,10,1.0
253,253,2023-10-21 12:19:27,110.163,-56.669,-19.10799999999999,-39.855,10,1.0
254,254,2023-10-21 20:28:27,129.271,-16.814,9.020999999999987,-45.819,10,1.0
255,255,2023-10-22 09:46:27,120.25,29.005,0.019000000000005457,0.6009999999999991,10,1.0
256,256,2023-10-22 21:40:27,120.231,28.404,-0.9830000000000041,5.579000000000001,10,1.0
257,257,2023-10-23 09:46:27,121.214,22.825,-0.10699999999999932,-0.18299999999999983,10,1.0
258,258,2023-10-23 21:32:27,121.321,23.008,-0.23400000000000887,1.5559999999999974,10,1.0
259,259,2023-10-24 09:45:27,121.555,21.452,0.2680000000000007,1.6780000000000008,10,1.0
260,260,2023-10-24 21:30:27,121.287,19.774,0.3920000000000101,-1.631999999999998,10,1.0
261,261,2023-10-25 09:47:28,120.895,21.406,0.013999999999995794,0.38899999999999935,10,1.0
262,262,2023-10-25 21:33:28,120.881,21.017,-0.3610000000000042,2.030999999999999,10,1.0
263,263,2023-10-26 09:47:28,121.242,18.986,-0.9869999999999948,-4.344999999999999,10,1.0
264,264,2023-10-26 21:30:28,122.229,23.331,0.012000000000000455,0.2749999999999986,10,1.0
265,265,2023-10-27 09:39:28,122.217,23.056,1.1359999999999957,5.475000000000001,10,1.0
266,266,2023-10-27 21:30:28,121.081,17.581,0.38700000000000045,-1.5090000000000003,10,1.0
267,267,2023-10-28 09:48:28,120.694,19.09,-0.11299999999999955,-0.2519999999999989,10,1.0
268,268,2023-10-28 21:33:29,120.807,19.342,0.009000000000000341,0.2099999999999973,10,1.0
269,269,2023-10-29 09:47:29,120.798,19.132,-0.117999999999995,-0.2619999999999969,10,1.0
270,270,2023-10-29 21:33:29,120.916,19.394,0.25799999999999557,-0.8450000000000024,10,1.0
271,271,2023-10-30 09:46:29,120.658,20.239,-0.7439999999999998,-2.821999999999999,10,1.0
272,272,2023-10-30 21:35:29,121.402,23.061,0.5049999999999955,-1.7489999999999988,10,1.0
273,273,2023-10-31 09:40:29,120.897,24.81,0.25500000000000966,1.2979999999999983,10,1.0
274,274,2023-10-31 21:39:29,120.642,23.512,-0.6189999999999998,2.713000000000001,10,1.0
275,275,2023-11-01 09:42:29,121.261,20.799,-0.12000000000000455,-0.23600000000000065,11,1.0
276,276,2023-11-01 21:34:30,121.381,21.035,0.001999999999995339,0.2259999999999991,11,1.0
277,277,2023-11-02 09:41:30,121.379,20.809,0.12600000000000477,0.7089999999999996,11,1.0
278,278,2023-11-02 21:34:30,121.253,20.1,0.125,-0.259999999999998,11,1.0
279,279,2023-11-03 09:42:30,121.128,20.36,0.25,1.1479999999999997,11,1.0
280,280,2023-11-03 21:35:30,120.878,19.212,-0.6260000000000048,2.535,11,1.0
281,281,2023-11-04 09:44:30,121.504,16.677,-0.1280000000000001,-0.30700000000000216,11,1.0
282,282,2023-11-04 21:30:30,121.632,16.984,0.6240000000000094,-2.107999999999997,11,1.0
283,283,2023-11-05 09:43:30,121.008,19.092,-0.25200000000000955,-0.718,11,1.0
284,284,2023-11-05 21:35:31,121.26,19.81,-0.0049999999999954525,0.2069999999999972,11,1.0
285,285,2023-11-06 09:41:31,121.265,19.603,0.37000000000000455,1.4810000000000016,11,1.0
286,286,2023-11-06 21:35:31,120.895,18.122,0.617999999999995,-1.9800000000000004,11,1.0
287,287,2023-11-07 09:44:31,120.277,20.102,-0.5079999999999956,-1.5440000000000005,11,1.0
288,288,2023-11-07 21:40:31,120.785,21.646,-0.7580000000000098,2.7540000000000013,11,1.0
289,289,2023-11-08 09:40:31,121.543,18.892,0.6159999999999997,2.2489999999999988,11,1.0
290,290,2023-11-08 21:34:31,120.927,16.643,0.11700000000000443,-0.2530000000000001,11,1.0
291,291,2023-11-09 09:45:31,120.81,16.896,-0.2599999999999909,-0.7210000000000001,11,1.0
292,292,2023-11-09 21:35:32,121.07,17.617,-0.13700000000000045,0.5960000000000001,11,1.0
293,293,2023-11-10 09:43:32,121.207,17.021,-0.7620000000000005,-2.343,11,1.0
294,294,2023-11-10 21:34:32,121.969,19.364,-0.014000000000010004,0.19900000000000162,11,1.0
295,295,2023-11-11 09:37:32,121.983,19.165,0.6099999999999994,2.097999999999999,11,1.0
296,296,2023-11-11 21:34:32,121.373,17.067,0.6090000000000089,-1.7979999999999983,11,1.0
297,297,2023-11-12 09:42:32,120.764,18.865,-0.016000000000005343,0.09099999999999753,11,1.0
298,298,2023-11-12 21:39:32,120.78,18.774,0.48499999999999943,-1.3550000000000004,11,1.0
299,299,2023-11-13 09:42:32,120.295,20.129,0.10800000000000409,0.47900000000000276,11,1.0
300,300,2023-11-13 21:43:33,120.187,19.65,-0.019000000000005457,0.1999999999999993,11,1.0
301,301,2023-11-14 09:43:33,120.206,19.45,-0.769999999999996,-2.161999999999999,11,1.0
302,302,2023-11-14 21:43:33,120.976,21.612,-0.6460000000000008,2.061,11,1.0
303,303,2023-11-15 09:37:33,121.622,19.551,0.8529999999999944,2.674999999999997,11,1.0
304,304,2023-11-15 21:38:33,120.769,16.876,0.22800000000000864,-0.5640000000000001,11,1.0
305,305,2023-11-16 09:44:33,120.541,17.44,-0.2740000000000009,-0.690999999999999,11,1.0
306,306,2023-11-16 21:40:33,120.815,18.131,-0.27200000000000557,0.9110000000000014,11,1.0
307,307,2023-11-17 09:42:33,121.087,17.22,-0.3990000000000009,-1.0459999999999994,11,1.0
308,308,2023-11-17 21:38:34,121.486,18.266,0.47400000000000375,-1.2390000000000008,11,1.0
309,309,2023-11-18 09:39:34,121.012,19.505,0.347999999999999,1.1050000000000004,11,1.0
310,310,2023-11-18 21:42:34,120.664,18.4,-0.2779999999999916,0.8949999999999996,11,1.0
311,311,2023-11-19 09:42:34,120.942,17.505,0.3459999999999894,1.0799999999999983,11,1.0
312,312,2023-11-19 21:40:34,120.596,16.425,0.21999999999999886,-0.5259999999999998,11,1.0
313,313,2023-11-20 09:45:34,120.376,16.951,-0.6550000000000011,-1.7240000000000002,11,1.0
314,314,2023-11-20 21:42:34,121.031,18.675,-0.15399999999999636,0.527000000000001,11,1.0
315,315,2023-11-21 09:40:34,121.185,18.148,0.21999999999999886,0.6999999999999993,11,1.0
316,316,2023-11-21 21:41:35,120.965,17.448,-0.15800000000000125,0.5240000000000009,11,1.0
317,317,2023-11-22 09:42:35,121.123,16.924,-0.4089999999999918,-1.0210000000000008,11,1.0
318,318,2023-11-22 21:40:35,121.532,17.945,0.8400000000000034,-2.1499999999999986,11,1.0
319,319,2023-11-23 09:39:35,120.692,20.095,0.0899999999999892,0.33699999999999974,11,1.0
320,320,2023-11-23 21:47:35,120.602,19.758,0.08800000000000807,-0.13599999999999923,11,1.0
321,321,2023-11-24 09:40:35,120.514,19.894,-0.5370000000000061,-1.296000000000003,11,1.0
322,322,2023-11-24 21:48:35,121.051,21.19,-0.7849999999999966,2.1310000000000002,11,1.0
323,323,2023-11-25 09:36:35,121.836,19.059,0.7129999999999939,1.9480000000000004,11,1.0
324,324,2023-11-25 21:42:36,121.123,17.111,-0.2890000000000015,0.833000000000002,11,1.0
325,325,2023-11-26 09:42:36,121.412,16.278,-0.5409999999999968,-1.3320000000000007,11,1.0
326,326,2023-11-26 21:40:36,121.953,17.61,0.3340000000000032,-0.7830000000000013,11,1.0
327,327,2023-11-27 09:38:36,121.619,18.393,0.20900000000000318,0.6099999999999994,11,1.0
328,328,2023-11-27 21:43:36,121.41,17.783,0.8319999999999936,-2.032,11,1.0
329,329,2023-11-28 09:40:36,120.578,19.815,-0.04099999999999682,-0.022999999999999687,11,1.0
330,330,2023-11-28 21:50:36,120.619,19.838,-0.6670000000000016,1.7460000000000022,11,1.0
331,331,2023-11-29 09:40:37,121.286,18.092,0.33100000000000307,0.8989999999999974,11,1.0
332,332,2023-11-29 21:45:37,120.955,17.193,0.3289999999999935,-0.7609999999999992,11,1.0
333,333,2023-11-30 09:43:37,120.626,17.954,-0.5450000000000017,-1.2859999999999978,11,1.0
334,334,2023-11-30 21:48:37,121.171,19.24,0.20300000000000296,-0.43000000000000327,11,1.0
335,335,2023-12-01 09:39:37,120.968,19.67,0.32800000000000296,0.8690000000000033,12,1.0
336,336,2023-12-01 21:50:37,120.64,18.801,-0.7980000000000018,2.0229999999999997,12,1.0
337,337,2023-12-02 09:42:37,121.438,16.778,-0.046999999999997044,-0.060000000000002274,12,1.0
338,338,2023-12-02 21:44:37,121.485,16.838,0.07800000000000296,-0.13799999999999812,12,1.0
339,339,2023-12-03 09:42:38,121.407,16.976,0.32500000000000284,0.8469999999999978,12,1.0
340,340,2023-12-03 21:45:38,121.082,16.129,0.19999999999998863,-0.43900000000000006,12,1.0
341,341,2023-12-04 09:45:38,120.882,16.568,-0.5510000000000019,-1.2850000000000001,12,1.0
342,342,2023-12-04 21:47:38,121.433,17.853,0.07400000000001228,-0.12599999999999767,12,1.0
343,343,2023-12-05 09:41:38,121.359,17.979,-0.6770000000000067,-1.561,12,1.0
344,344,2023-12-05 21:48:38,122.036,19.54,-0.17799999999999727,0.4710000000000001,12,1.0
345,345,2023-12-06 09:36:38,122.214,19.069,0.6989999999999981,1.7070000000000007,12,1.0
346,346,2023-12-06 21:47:38,121.515,17.362,-0.4269999999999925,1.061,12,1.0
347,347,2023-12-07 09:42:39,121.942,16.301,0.19599999999999795,0.5059999999999985,12,1.0
348,348,2023-12-07 21:44:39,121.746,15.795,0.19499999999999318,-0.4300000000000015,12,1.0
349,349,2023-12-08 09:44:39,121.551,16.225,-0.05499999999999261,-0.09499999999999886,12,1.0
350,350,2023-12-08 21:46:39,121.606,16.32,0.1939999999999884,-0.4250000000000007,12,1.0
351,351,2023-12-09 09:44:39,121.412,16.745,-0.3059999999999974,-0.6859999999999999,12,1.0
352,352,2023-12-09 21:48:39,121.718,17.431,0.06900000000000261,-0.12599999999999767,12,1.0
353,353,2023-12-10 09:42:39,121.649,17.557,0.3200000000000074,0.7809999999999988,12,1.0
354,354,2023-12-10 21:49:39,121.329,16.776,0.06999999999999318,-0.13299999999999912,12,1.0
355,355,2023-12-11 09:45:40,121.259,16.909,0.06700000000000728,0.18599999999999994,12,1.0
356,356,2023-12-11 21:50:40,121.192,16.723,-0.18300000000000693,0.4540000000000006,12,1.0
357,357,2023-12-12 09:46:40,121.375,16.269,-0.0589999999999975,-0.11200000000000188,12,1.0
358,358,2023-12-12 21:49:40,121.434,16.381,-0.058000000000006935,0.16000000000000014,12,1.0
359,359,2023-12-13 09:46:40,121.492,16.221,-0.5589999999999975,-1.2729999999999997,12,1.0
360,360,2023-12-13 21:49:40,122.051,17.494,1.1899999999999977,-2.6930000000000014,12,1.0
361,361,2023-12-14 09:42:40,120.861,20.187,0.4420000000000073,1.0259999999999998,12,1.0
362,362,2023-12-14 21:59:40,120.419,19.161,-0.43300000000000693,1.0080000000000027,12,1.0
363,363,2023-12-15 09:46:41,120.852,18.153,-0.18500000000000227,-0.4039999999999999,12,1.0
364,364,2023-12-15 21:56:41,121.037,18.557,0.43900000000000716,-0.9790000000000028,12,1.0
365,365,2023-12-16 09:45:41,120.598,19.536,0.8149999999999977,1.8670000000000009,12,1.0
366,366,2023-12-16 22:00:41,119.783,17.669,-3.6850000000000023,8.593,12,1.0
367,367,2023-12-17 09:52:41,123.468,9.076,-0.9359999999999928,-2.192,12,1.0
368,368,2023-12-17 21:31:41,124.404,11.268,3.4380000000000024,-7.927,12,1.0
369,369,2023-12-18 09:45:41,120.966,19.195,0.06499999999999773,0.15899999999999892,12,1.0
370,370,2023-12-18 21:59:41,120.901,19.036,-0.0589999999999975,0.142000000000003,12,1.0
371,371,2023-12-19 09:46:42,120.96,18.894,0.06299999999998818,0.14999999999999858,12,1.0
372,372,2023-12-19 21:59:42,120.897,18.744,-0.43599999999999284,0.9959999999999987,12,1.0
373,373,2023-12-20 09:47:42,121.333,17.748,-0.4369999999999976,-0.9869999999999983,12,1.0
374,374,2023-12-20 21:56:42,121.77,18.735,0.6880000000000024,-1.5420000000000016,12,1.0
375,375,2023-12-21 09:44:42,121.082,20.277,0.4379999999999882,0.9819999999999993,12,1.0
376,376,2023-12-21 22:02:42,120.644,19.295,-0.3119999999999976,0.703000000000003,12,1.0
377,377,2023-12-22 09:48:42,120.956,18.592,0.3149999999999977,0.7109999999999985,12,1.0
378,378,2023-12-22 22:00:42,120.641,17.881,-0.30999999999998806,0.7020000000000017,12,1.0
379,379,2023-12-23 09:51:43,120.951,17.179,-0.18700000000001182,-0.43100000000000094,12,1.0
380,380,2023-12-23 21:58:43,121.138,17.61,-0.1869999999999976,0.41999999999999815,12,1.0
381,381,2023-12-24 09:50:43,121.325,17.19,0.4380000000000024,0.9960000000000022,12,1.0
382,382,2023-12-24 21:57:43,120.887,16.194,0.3130000000000024,-0.7270000000000003,12,1.0
383,383,2023-12-25 09:54:43,120.574,16.921,-0.4369999999999976,-1.0090000000000003,12,1.0
384,384,2023-12-25 22:00:43,121.011,17.93,-0.5589999999999975,1.2680000000000007,12,1.0
385,385,2023-12-26 09:51:43,121.57,16.662,-0.3090000000000117,-0.7230000000000025,12,1.0
386,386,2023-12-26 21:56:44,121.879,17.385,0.4380000000000024,-1.0169999999999995,12,1.0
387,387,2023-12-27 09:49:44,121.441,18.402,1.0630000000000024,2.426,12,1.0
388,388,2023-12-27 22:00:44,120.378,15.976,-0.31099999999999284,0.7060000000000013,12,1.0
389,389,2023-12-28 09:58:44,120.689,15.27,-0.3100000000000023,-0.740000000000002,12,1.0
390,390,2023-12-28 21:58:44,120.999,16.01,0.43899999999999295,-1.036999999999999,12,1.0
391,391,2023-12-29 09:56:44,120.56,17.047,-0.18500000000000227,-0.4499999999999993,12,1.0
392,392,2023-12-29 22:02:44,120.745,17.497,-0.5579999999999927,1.2710000000000008,12,1.0
393,393,2023-12-30 09:55:44,121.303,16.226,-0.43300000000000693,-1.0300000000000011,12,1.0
394,394,2023-12-30 21:58:45,121.736,17.256,-0.3100000000000023,0.6939999999999991,12,1.0
395,395,2023-12-31 09:52:45,122.046,16.562,0.6910000000000025,1.5930000000000017,12,1.0
396,396,2023-12-31 21:56:45,121.355,14.969,0.3160000000000025,-0.7690000000000001,12,1.0
397,397,2024-01-01 09:58:45,121.039,15.738,-0.4339999999999975,-1.0470000000000006,1,1.0
398,398,2024-01-01 21:59:45,121.473,16.785,-0.18300000000000693,0.3999999999999986,1,1.0
399,399,2024-01-02 09:55:45,121.656,16.385,-0.057999999999992724,-0.16899999999999693,1,1.0
400,400,2024-01-02 21:58:45,121.714,16.554,0.19400000000000261,-0.4930000000000021,1,1.0
401,401,2024-01-03 09:55:45,121.52,17.047,0.4440000000000026,1.0169999999999995,1,1.0
402,402,2024-01-03 22:00:46,121.076,16.03,0.8179999999999978,-1.9740000000000002,1,1.0
403,403,2024-01-04 09:59:46,120.258,18.004,-0.4309999999999974,-1.0569999999999986,1,1.0
404,404,2024-01-04 22:07:46,120.689,19.061,-2.305000000000007,5.4670000000000005,1,1.0
405,405,2024-01-05 09:56:46,122.994,13.594,-0.055999999999997385,-0.16800000000000104,1,1.0
406,406,2024-01-05 21:49:46,123.05,13.762,1.8190000000000026,-4.420999999999999,1,1.0
407,407,2024-01-06 09:56:46,121.231,18.183,0.3199999999999932,0.718,1,1.0
408,408,2024-01-06 22:04:46,120.911,17.465,-0.3019999999999925,0.6810000000000009,1,1.0
409,409,2024-01-07 09:59:46,121.213,16.784,-0.30100000000000193,-0.7780000000000022,1,1.0
410,410,2024-01-07 22:02:47,121.514,17.562,0.945999999999998,-2.3279999999999994,1,1.0
411,411,2024-01-08 09:57:47,120.568,19.89,0.07299999999999329,0.11299999999999955,1,1.0
412,412,2024-01-08 22:10:47,120.495,19.777,-1.0519999999999925,2.4890000000000008,1,1.0
413,413,2024-01-09 09:58:47,121.547,17.288,-0.3020000000000067,-0.7929999999999993,1,1.0
414,414,2024-01-09 22:02:47,121.849,18.081,0.19899999999999807,-0.5470000000000006,1,1.0
415,415,2024-01-10 09:56:47,121.65,18.628,0.45000000000000284,1.0429999999999993,1,1.0
416,416,2024-01-10 22:04:47,121.2,17.585,-0.17300000000000182,0.3670000000000009,1,1.0
417,417,2024-01-11 10:00:47,121.373,17.218,0.32800000000000296,0.7590000000000003,1,1.0
418,418,2024-01-11 22:03:48,121.045,16.459,0.7010000000000076,-1.8170000000000002,1,1.0
419,419,2024-01-12 10:03:48,120.344,18.276,-0.4230000000000018,-1.1239999999999988,1,1.0
420,420,2024-01-12 22:09:48,120.767,19.4,-0.046999999999997044,0.04299999999999926,1,1.0
421,421,2024-01-13 10:00:48,120.814,19.357,0.8279999999999887,2.012999999999998,1,1.0
422,422,2024-01-13 22:09:48,119.986,17.344,-1.0459999999999923,2.6190000000000015,1,1.0
423,423,2024-01-14 10:07:48,121.032,14.725,-0.5450000000000017,-1.4719999999999995,1,1.0
424,424,2024-01-14 22:01:48,121.577,16.197,0.33199999999999363,-0.929000000000002,1,1.0
425,425,2024-01-15 10:03:48,121.245,17.126,0.3329999999999984,0.7920000000000016,1,1.0
426,426,2024-01-15 22:04:49,120.912,16.334,0.20600000000000307,-0.6120000000000019,1,1.0
427,427,2024-01-16 10:06:49,120.706,16.946,-0.2920000000000016,-0.8439999999999976,1,1.0
428,428,2024-01-16 22:06:49,120.998,17.79,-0.1670000000000016,0.3569999999999993,1,1.0
429,429,2024-01-17 10:04:49,121.165,17.433,-0.4159999999999968,-1.1819999999999986,1,1.0
430,430,2024-01-17 22:05:49,121.581,18.615,0.08400000000000318,-0.31400000000000006,1,1.0
431,431,2024-01-18 10:01:49,121.497,18.929,0.4609999999999985,1.131999999999998,1,1.0
432,432,2024-01-18 22:06:49,121.036,17.797,0.21300000000000807,-0.661999999999999,1,1.0
433,433,2024-01-19 10:05:49,120.823,18.459,-0.16100000000000136,-0.5300000000000011,1,1.0
434,434,2024-01-19 22:08:50,120.984,18.989,-0.038000000000010914,0.0,1,1.0
435,435,2024-01-20 10:04:50,121.022,18.989,-0.28600000000000136,-0.879999999999999,1,1.0
436,436,2024-01-20 22:08:50,121.308,19.869,0.08900000000001285,-0.35300000000000153,1,1.0
437,437,2024-01-21 10:02:50,121.219,20.222,-0.0350000000000108,-0.21099999999999852,1,1.0
438,438,2024-01-21 22:09:50,121.254,20.433,-0.1599999999999966,0.3210000000000015,1,1.0
439,439,2024-01-22 10:02:50,121.414,20.112,0.34199999999999875,0.8319999999999972,1,1.0
440,440,2024-01-22 22:08:50,121.072,19.28,-0.1559999999999917,0.3230000000000004,1,1.0
441,441,2024-01-23 10:05:50,121.228,18.957,-0.030000000000001137,-0.1999999999999993,1,1.0
442,442,2024-01-23 22:07:51,121.258,19.157,-0.2810000000000059,0.6849999999999987,1,1.0
443,443,2024-01-24 10:05:51,121.539,18.472,-0.030000000000001137,-0.20399999999999707,1,1.0
444,444,2024-01-24 22:05:51,121.569,18.676,0.22100000000000364,-0.7600000000000016,1,1.0
445,445,2024-01-25 10:05:51,121.348,19.436,0.8460000000000036,2.3569999999999993,1,1.0
446,446,2024-01-25 22:07:51,120.502,17.079,-0.028000000000005798,-0.030000000000001137,1,1.0
447,447,2024-01-26 10:12:51,120.53,17.109,-0.025000000000005684,-0.19099999999999895,1,1.0
448,448,2024-01-26 22:07:51,120.555,17.3,0.2260000000000133,-0.8009999999999984,1,1.0
449,449,2024-01-27 10:12:52,120.329,18.101,-0.15000000000000568,-0.5839999999999996,1,1.0
450,450,2024-01-27 22:09:52,120.479,18.685,0.2259999999999991,-0.8220000000000027,1,1.0
451,451,2024-01-28 10:11:52,120.253,19.507,-0.02400000000000091,-0.21599999999999753,1,1.0
452,452,2024-01-28 22:11:52,120.277,19.723,-0.39799999999999613,1.0849999999999973,1,1.0
453,453,2024-01-29 10:11:52,120.675,18.638,0.4789999999999992,1.363000000000003,1,1.0
454,454,2024-01-29 22:08:52,120.196,17.275,-0.1460000000000008,0.3319999999999972,1,1.0
455,455,2024-01-30 10:15:52,120.342,16.943,-0.14300000000000068,-0.5919999999999987,1,1.0
456,456,2024-01-30 22:07:52,120.485,17.535,-0.2680000000000007,0.7270000000000003,1,1.0
457,457,2024-01-31 10:14:53,120.753,16.808,-0.018000000000000682,-0.1960000000000015,1,1.0
458,458,2024-01-31 22:05:53,120.771,17.004,0.10699999999999932,-0.49599999999999866,1,1.0
459,459,2024-02-01 10:14:53,120.664,17.5,-0.14100000000000534,-0.620000000000001,2,1.0
460,460,2024-02-01 22:06:53,120.805,18.12,-0.39099999999999113,1.1610000000000014,2,1.0
461,461,2024-02-02 10:13:53,121.196,16.959,-0.015000000000000568,-0.19900000000000162,2,1.0
462,462,2024-02-02 22:03:53,121.211,17.158,-0.1389999999999958,0.32800000000000296,2,1.0
463,463,2024-02-03 10:13:53,121.35,16.83,0.23799999999999955,0.6809999999999974,2,1.0
464,464,2024-02-03 22:02:53,121.112,16.149,0.11499999999999488,-0.5519999999999996,2,1.0
465,465,2024-02-04 10:15:54,120.997,16.701,-0.01099999999999568,-0.1980000000000004,2,1.0
466,466,2024-02-04 22:03:54,121.008,16.899,0.11399999999999011,-0.5730000000000004,2,1.0
467,467,2024-02-05 10:15:54,120.894,17.472,-0.6349999999999909,-2.4659999999999975,2,1.0
468,468,2024-02-05 22:04:54,121.529,19.938,-0.38400000000000034,1.2010000000000005,2,1.0
469,469,2024-02-06 10:10:54,121.913,18.737,0.6169999999999902,2.1019999999999968,2,1.0
470,470,2024-02-06 22:01:54,121.296,16.635,0.49200000000000443,-2.0249999999999986,2,1.0
471,471,2024-02-07 10:15:54,120.804,18.66,-0.3790000000000049,-1.6320000000000014,2,1.0
472,472,2024-02-07 22:05:54,121.183,20.292,-0.2539999999999907,0.7490000000000023,2,1.0
473,473,2024-02-08 10:12:55,121.437,19.543,0.4959999999999951,1.7109999999999985,2,1.0
474,474,2024-02-08 22:03:55,120.941,17.832,0.12100000000000932,-0.6769999999999996,2,1.0
475,475,2024-02-09 10:16:55,120.82,18.509,0.2459999999999951,0.777000000000001,2,1.0
476,476,2024-02-09 22:04:55,120.574,17.732,-0.001999999999995339,-0.1960000000000015,2,1.0
477,477,2024-02-10 10:18:55,120.576,17.928,-0.0020000000000095497,-0.21799999999999997,2,1.0
478,478,2024-02-10 22:04:55,120.578,18.146,-0.125,0.30600000000000094,2,1.0
479,479,2024-02-11 10:18:55,120.703,17.84,0.12700000000000955,0.31899999999999906,2,1.0
480,480,2024-02-11 22:03:55,120.576,17.521,0.1280000000000001,-0.7680000000000007,2,1.0
481,481,2024-02-12 10:19:56,120.448,18.289,-0.24800000000000466,-1.311,2,1.0
482,482,2024-02-12 22:04:56,120.696,19.6,0.37699999999999534,-1.9109999999999978,2,1.0
483,483,2024-02-13 10:17:56,120.319,21.511,-1.1219999999999999,-5.179000000000002,2,1.0
484,484,2024-02-13 22:07:56,121.441,26.69,-0.8709999999999951,3.468,2,1.0
485,485,2024-02-14 10:08:56,122.312,23.222,0.5049999999999955,1.971,2,1.0
486,486,2024-02-14 22:00:56,121.807,21.251,0.13100000000000023,-0.911999999999999,2,1.0
487,487,2024-02-15 10:12:56,121.676,22.163,1.2579999999999956,5.663,2,1.0
488,488,2024-02-15 22:01:56,120.418,16.5,-0.7409999999999997,3.3689999999999998,2,1.0
489,489,2024-02-16 10:22:57,121.159,13.131,0.008000000000009777,-0.1509999999999998,2,1.0
490,490,2024-02-16 21:55:57,121.151,13.282,0.5090000000000003,-2.7590000000000003,2,1.0
491,491,2024-02-17 10:22:57,120.642,16.041,-0.49099999999999966,-2.7639999999999993,2,1.0
492,492,2024-02-17 21:59:57,121.133,18.805,0.3849999999999909,-2.3069999999999986,2,1.0
493,493,2024-02-18 10:18:57,120.748,21.112,0.2610000000000099,1.0239999999999974,2,1.0
494,494,2024-02-18 22:02:57,120.487,20.088,-0.23799999999999955,0.9470000000000027,2,1.0
495,495,2024-02-19 10:20:57,120.725,19.141,0.013999999999995794,-0.25500000000000256,2,1.0
496,496,2024-02-19 22:00:57,120.711,19.396,-0.23499999999999943,0.9780000000000015,2,1.0
497,497,2024-02-20 10:20:58,120.946,18.418,-0.23700000000000898,-1.693999999999999,2,1.0
498,498,2024-02-20 21:58:58,121.183,20.112,-0.23499999999999943,1.004999999999999,2,1.0
499,499,2024-02-21 10:18:58,121.418,19.107,0.26500000000000057,1.2219999999999978,2,1.0
500,500,2024-02-21 21:56:58,121.153,17.885,-0.10999999999999943,0.3210000000000015,2,1.0
501,501,2024-02-22 10:20:58,121.263,17.564,0.2670000000000101,1.315999999999999,2,1.0
502,502,2024-02-22 21:55:58,120.996,16.248,0.7669999999999959,-5.253999999999998,2,1.0
503,503,2024-02-23 10:22:58,120.229,21.502,-0.23099999999999454,-1.9820000000000029,2,1.0
504,504,2024-02-23 22:01:58,120.46,23.484,-1.980000000000004,12.721000000000002,2,1.0
505,505,2024-02-24 10:20:59,122.44,10.763,0.018999999999991246,-0.09500000000000064,2,1.0
506,506,2024-02-24 21:45:59,122.421,10.858,1.1450000000000102,-8.236999999999998,2,1.0
507,507,2024-02-25 10:20:59,121.276,19.095,0.14499999999999602,0.597999999999999,2,1.0
508,508,2024-02-25 21:54:59,121.131,18.497,0.01999999999999602,-0.6090000000000018,2,1.0
509,509,2024-02-26 10:21:59,121.111,19.106,0.27200000000000557,1.596,2,1.0
510,510,2024-02-26 21:54:59,120.839,17.51,0.021000000000000796,-0.6259999999999977,2,1.0
511,511,2024-02-27 10:23:59,120.818,18.136,-0.22500000000000853,-2.336000000000002,2,1.0
512,512,2024-02-27 21:54:59,121.043,20.472,-0.22499999999999432,1.3210000000000015,2,1.0
513,513,2024-02-28 10:22:00,121.268,19.151,0.27299999999999613,1.8129999999999988,2,1.0
514,514,2024-02-28 21:53:00,120.995,17.338,0.1490000000000009,-1.850999999999999,2,1.0
515,515,2024-02-29 10:24:00,120.846,19.189,-0.22499999999999432,-2.7270000000000003,2,1.0
516,516,2024-02-29 21:54:00,121.071,21.916,0.14999999999999147,-2.227999999999998,2,1.0
517,517,2024-03-01 10:22:00,120.921,24.144,0.27600000000001046,1.9669999999999987,3,1.0
518,518,2024-03-01 21:55:00,120.645,22.177,-0.3470000000000084,2.853999999999999,3,1.0
519,519,2024-03-02 10:24:00,120.992,19.323,-0.2219999999999942,-3.1660000000000004,3,1.0
520,520,2024-03-02 21:52:01,121.214,22.489,0.5279999999999916,-7.286999999999999,3,1.0
521,521,2024-03-03 10:22:01,120.686,29.776,-0.09799999999999898,-2.7360000000000007,3,1.0
522,522,2024-03-03 21:56:01,120.784,32.512,-0.4719999999999942,4.885000000000002,3,1.0
523,523,2024-03-04 10:21:01,121.256,27.627,0.5289999999999964,5.966999999999999,3,1.0
524,524,2024-03-04 21:52:01,120.727,21.66,-0.0969999999999942,0.2920000000000016,3,1.0
525,525,2024-03-05 10:25:01,120.824,21.368,-0.46999999999999886,-8.756,3,1.0
526,526,2024-03-05 21:51:01,121.294,30.124,-1.8440000000000083,25.444,3,1.0
527,527,2024-03-06 10:21:01,123.138,4.68,0.4070000000000107,4.593,3,1.0
528,528,2024-03-06 21:36:02,122.731,0.087,1.7809999999999917,-27.137,3,1.0
529,529,2024-03-07 10:24:02,120.95,27.224,-0.2189999999999941,-8.562999999999999,3,1.0
530,530,2024-03-07 21:50:02,121.169,35.787,0.0309999999999917,-3.541000000000004,3,1.0
531,531,2024-03-15 10:21:04,123.033,-3.122,0.5360000000000014,12.005,3,1.0
532,532,2024-03-23 21:37:06,121.023,7.623,0.1629999999999967,4.569000000000001,3,1.0
533,533,2024-03-24 10:27:06,120.86,3.054,-0.08799999999999386,2.585,3,1.0
534,534,2024-03-24 21:38:06,120.948,0.469,0.2879999999999967,9.5,3,1.0
535,535,2024-03-27 21:36:07,121.592,-7.456,-0.5880000000000081,-11.023,3,1.0
536,536,2024-03-28 10:21:07,122.18,3.567,0.7880000000000109,-9.696,3,1.0
537,537,2024-03-28 21:31:07,121.392,13.263,1.0379999999999967,13.727,3,1.0
538,538,2024-03-29 10:27:07,120.354,-0.464,0.4140000000000015,-5.623,3,1.0
539,539,2024-03-29 21:39:07,119.94,5.159,-0.5859999999999985,-6.295000000000001,3,1.0
540,540,2024-03-30 10:30:08,120.526,11.454,-0.0870000000000033,1.2960000000000012,3,1.0
541,541,2024-03-30 21:34:08,120.613,10.158,-0.21299999999999386,-1.7010000000000005,3,1.0
542,542,2024-03-31 10:29:08,120.826,11.859,-0.21300000000000807,2.407,3,1.0
543,543,2024-03-31 21:32:08,121.039,9.452,0.28700000000000614,3.122,3,1.0
544,544,2024-04-01 10:27:08,120.752,6.33,-0.33899999999999864,3.665,4,1.0
545,545,2024-04-01 21:34:08,121.091,2.665,-0.5880000000000081,-5.543,4,1.0
546,546,2024-04-02 10:24:08,121.679,8.208,10.165000000000006,-43.691,4,1.0
547,547,2024-04-02 21:29:08,111.514,51.899,-0.7120000000000033,-0.8810000000000002,4,1.0
548,548,2024-04-03 11:45:09,112.226,52.78,-12.090999999999994,56.667,4,1.0
549,549,2024-04-03 21:23:09,124.317,-3.887,-2.9650000000000034,-23.631,4,1.0
550,550,2024-04-04 10:08:09,127.282,19.744,0.28600000000000136,-1.2719999999999985,4,1.0
551,551,2024-04-04 20:59:09,126.996,21.016,0.28600000000000136,2.131999999999998,4,1.0
552,552,2024-04-05 10:10:09,126.71,18.884,0.2849999999999966,-1.2590000000000003,4,1.0
553,553,2024-04-05 21:01:09,126.425,20.143,-0.09000000000000341,-0.09199999999999875,4,1.0
554,554,2024-04-06 10:12:09,126.515,20.235,-0.33799999999999386,2.312999999999999,4,1.0
555,555,2024-04-06 21:00:09,126.853,17.922,0.16199999999999193,1.3000000000000007,4,1.0
556,556,2024-04-07 10:09:10,126.691,16.622,-0.590999999999994,3.8599999999999994,4,1.0
557,557,2024-04-07 21:01:10,127.282,12.762,-1.090999999999994,-5.937999999999999,4,1.0
558,558,2024-04-08 10:04:10,128.373,18.7,0.15899999999999181,-0.4740000000000002,4,1.0
559,559,2024-04-08 20:52:10,128.214,19.174,1.0339999999999918,5.961,4,1.0
560,560,2024-04-09 10:05:10,127.18,13.213,0.7830000000000013,-3.981,4,1.0
561,561,2024-04-09 21:00:10,126.397,17.194,-0.34199999999999875,-1.4060000000000024,4,1.0
562,562,2024-04-10 10:11:10,126.739,18.6,12.287000000000006,-33.791,4,1.0
563,563,2024-04-10 20:57:10,114.452,52.391,-0.2150000000000034,0.07499999999999574,4,1.0
564,564,2024-04-11 11:49:11,114.667,52.316,-12.344999999999999,33.919000000000004,4,1.0
565,565,2024-04-11 20:55:11,127.012,18.397,-0.09399999999999409,-0.12600000000000122,4,1.0
566,566,2024-04-12 10:10:11,127.106,18.523,8.658000000000001,-26.416999999999998,4,1.0
567,567,2024-04-12 20:54:11,118.448,44.94,-0.5940000000000083,-0.7690000000000055,4,1.0
568,568,2024-04-13 11:19:11,119.042,45.709,-8.346000000000004,24.184000000000005,4,1.0
569,569,2024-04-13 20:49:11,127.388,21.525,0.2810000000000059,1.471,4,1.0
570,570,2024-04-14 10:12:11,127.107,20.054,-0.8430000000000035,3.915999999999997,4,1.0
571,571,2024-04-14 20:51:11,127.95,16.138,-0.3430000000000035,-1.2399999999999984,4,1.0
572,572,2024-04-15 10:05:12,128.293,17.378,23.533,-43.617,4,1.0
573,573,2024-04-15 20:48:12,104.76,60.995,-0.2219999999999942,0.1280000000000001,4,1.0
574,574,2024-04-16 13:13:12,104.982,60.867,-21.849999999999994,36.931,4,1.0
575,575,2024-04-16 20:46:12,126.832,23.936,-0.3470000000000084,-0.9029999999999987,4,1.0
576,576,2024-04-17 10:18:12,127.179,24.839,0.5280000000000058,-1.4520000000000017,4,1.0
577,577,2024-04-17 20:43:12,126.651,26.291,-0.347999999999999,-0.8030000000000008,4,1.0
578,578,2024-04-18 10:22:12,126.999,27.094,-0.8460000000000036,3.046000000000003,4,1.0
579,579,2024-04-18 20:40:12,127.845,24.048,0.6539999999999964,2.5159999999999982,4,1.0
580,580,2024-04-19 10:15:13,127.191,21.532,0.7759999999999962,-2.3550000000000004,4,1.0
581,581,2024-04-19 20:45:13,126.415,23.887,0.4000000000000057,1.6000000000000014,4,1.0
582,582,2024-04-20 10:21:13,126.015,22.287,-1.3499999999999943,4.980999999999998,4,1.0
583,583,2024-04-20 20:48:13,127.365,17.306,0.3999999999999915,1.6930000000000014,4,1.0
584,584,2024-04-21 10:10:13,126.965,15.613,0.6490000000000009,-2.1529999999999987,4,1.0
585,585,2024-04-21 20:51:13,126.316,17.766,-0.3509999999999991,-1.0070000000000014,4,1.0
586,586,2024-04-22 10:15:13,126.667,18.773,-0.09999999999999432,0.5609999999999999,4,1.0
587,587,2024-04-22 20:48:13,126.767,18.212,-0.9750000000000085,-3.0040000000000013,4,1.0
588,588,2024-04-23 10:14:14,127.742,21.216,1.7720000000000056,-5.0589999999999975,4,1.0
589,589,2024-04-23 20:40:14,125.97,26.275,-0.47799999999999443,-1.0579999999999998,4,1.0
590,590,2024-04-24 10:28:14,126.448,27.333,-0.4790000000000134,1.5670000000000002,4,1.0
591,591,2024-04-24 20:36:14,126.927,25.766,1.2710000000000008,3.916999999999998,4,1.0
592,592,2024-04-25 10:24:14,125.656,21.849,0.7700000000000102,-2.024000000000001,4,1.0
593,593,2024-04-25 20:46:14,124.886,23.873,-1.855000000000004,-4.7159999999999975,4,1.0
594,594,2024-04-26 10:30:14,126.741,28.589,-0.1039999999999992,0.5079999999999991,4,1.0
595,595,2024-04-26 20:31:14,126.845,28.081,0.5210000000000008,1.570999999999998,4,1.0
596,596,2024-04-27 10:29:15,126.324,26.51,-2.3570000000000135,6.772000000000002,4,1.0
597,597,2024-04-27 20:35:15,128.681,19.738,4.018000000000015,13.471,4,1.0
598,598,2024-04-28 10:10:15,124.663,6.267,12.268,-32.111999999999995,4,1.0
599,599,2024-04-28 21:07:15,112.395,38.379,-2.734000000000009,-4.173000000000002,4,1.0
600,600,2024-04-29 11:48:15,115.129,42.552,-13.985,33.007999999999996,4,1.0
601,601,2024-04-29 20:45:15,129.114,9.544,-1.1099999999999852,-3.520999999999999,4,1.0
602,602,2024-04-30 09:56:15,130.224,13.065,4.141999999999996,-11.628000000000002,4,1.0
603,603,2024-04-30 20:36:15,126.082,24.693,-0.8590000000000089,-1.9019999999999975,4,1.0
604,604,2024-05-01 10:29:16,126.941,26.595,13.015,-21.343000000000004,5,1.0
605,605,2024-05-01 20:29:16,113.926,47.938,-29.11399999999999,-16.583,5,1.0
606,606,2024-05-02 12:13:16,143.04,64.521,-3.1129999999999995,1.0600000000000023,5,1.0
607,607,2024-05-02 16:36:16,146.153,63.461,25.763999999999996,15.930999999999997,5,1.0
608,608,2024-05-03 11:48:16,120.389,47.53,4.5120000000000005,-4.176000000000002,5,1.0
609,609,2024-05-03 20:02:16,115.877,51.706,-1.3640000000000043,-0.931999999999995,5,1.0
610,610,2024-05-04 12:24:16,117.241,52.638,-17.36399999999999,23.517999999999997,5,1.0
611,611,2024-05-04 19:51:16,134.605,29.12,0.012000000000000455,0.2240000000000002,5,1.0
612,612,2024-05-05 10:05:17,134.593,28.896,1.8839999999999861,-3.5519999999999996,5,1.0
613,613,2024-05-05 19:51:17,132.709,32.448,3.8840000000000146,8.358,5,1.0
614,614,2024-05-06 10:20:17,128.825,24.09,0.7579999999999814,-1.5489999999999995,5,1.0
615,615,2024-05-06 20:22:17,128.067,25.639,1.007000000000005,2.4719999999999978,5,1.0
616,616,2024-05-07 10:26:17,127.06,23.167,1.132000000000005,-2.3949999999999996,5,1.0
617,617,2024-05-07 20:30:17,125.928,25.562,-1.1170000000000044,-2.2029999999999994,5,1.0
618,618,2024-05-08 10:35:17,127.045,27.765,0.5079999999999956,-0.8550000000000004,5,1.0
619,619,2024-05-08 20:21:18,126.537,28.62,-0.24499999999999034,-0.31099999999999994,5,1.0
620,620,2024-05-09 10:39:18,126.782,28.931,0.12899999999999068,-0.07900000000000063,5,1.0
621,621,2024-05-09 20:19:18,126.653,29.01,-0.3709999999999951,-0.5449999999999982,5,1.0
622,622,2024-05-10 10:40:18,127.024,29.555,-1.9969999999999857,4.178000000000001,5,1.0
623,623,2024-05-10 20:16:18,129.021,25.377,1.377999999999986,3.154,5,1.0
624,624,2024-05-11 10:24:18,127.643,22.223,1.3769999999999953,-2.841000000000001,5,1.0
625,625,2024-05-11 20:27:18,126.266,25.064,-1.2469999999999999,-2.376999999999999,5,1.0
626,626,2024-05-12 10:35:18,127.513,27.441,0.6280000000000001,-1.0549999999999997,5,1.0
627,627,2024-05-12 20:17:19,126.885,28.496,-0.125,-0.08000000000000185,5,1.0
628,628,2024-05-13 10:40:19,127.01,28.576,0.0,0.15500000000000114,5,1.0
629,629,2024-05-13 20:16:19,127.01,28.421,-0.25099999999999056,-0.31599999999999895,5,1.0
630,630,2024-05-14 10:40:19,127.261,28.737,-1.1270000000000095,2.285999999999998,5,1.0
631,631,2024-05-14 20:14:19,128.388,26.451,-0.12699999999998113,-0.10500000000000043,5,1.0
632,632,2024-05-15 10:31:19,128.515,26.556,0.9969999999999857,-1.7369999999999983,5,1.0
633,633,2024-05-15 20:13:19,127.518,28.293,-0.12600000000000477,-0.08800000000000097,5,1.0
634,634,2024-05-16 10:39:19,127.644,28.381,3.4980000000000047,-5.710000000000001,5,1.0
635,635,2024-05-16 20:12:20,124.146,34.091,-0.0040000000000048885,0.14099999999999824,5,1.0
636,636,2024-05-17 11:07:20,124.15,33.95,-3.0049999999999955,5.091000000000001,5,1.0
637,637,2024-05-17 20:12:20,127.155,28.859,-0.006000000000000227,0.12400000000000233,5,1.0
638,638,2024-05-18 10:43:20,127.161,28.735,-0.006000000000000227,0.14300000000000068,5,1.0
639,639,2024-05-18 20:12:20,127.167,28.592,0.367999999999995,0.782,5,1.0
640,640,2024-05-19 10:43:20,126.799,27.81,19.117000000000004,-22.276,5,1.0
